-- MySQL dump 10.13  Distrib 8.0.24, for Win64 (x86_64)
--
-- Host: localhost    Database: vk_lesson04
-- ------------------------------------------------------
-- Server version	8.0.24

/*!40101 SET @OLD_CHARACTER_SET_CLIENT=@@CHARACTER_SET_CLIENT */;
/*!40101 SET @OLD_CHARACTER_SET_RESULTS=@@CHARACTER_SET_RESULTS */;
/*!40101 SET @OLD_COLLATION_CONNECTION=@@COLLATION_CONNECTION */;
/*!50503 SET NAMES utf8mb4 */;
/*!40103 SET @OLD_TIME_ZONE=@@TIME_ZONE */;
/*!40103 SET TIME_ZONE='+00:00' */;
/*!40014 SET @OLD_UNIQUE_CHECKS=@@UNIQUE_CHECKS, UNIQUE_CHECKS=0 */;
/*!40014 SET @OLD_FOREIGN_KEY_CHECKS=@@FOREIGN_KEY_CHECKS, FOREIGN_KEY_CHECKS=0 */;
/*!40101 SET @OLD_SQL_MODE=@@SQL_MODE, SQL_MODE='NO_AUTO_VALUE_ON_ZERO' */;
/*!40111 SET @OLD_SQL_NOTES=@@SQL_NOTES, SQL_NOTES=0 */;

--
-- Table structure for table `communities`
--

DROP TABLE IF EXISTS `communities`;
/*!40101 SET @saved_cs_client     = @@character_set_client */;
/*!50503 SET character_set_client = utf8mb4 */;
CREATE TABLE `communities` (
  `id` bigint unsigned NOT NULL AUTO_INCREMENT,
  `name` varchar(145) NOT NULL,
  `description` varchar(245) DEFAULT NULL,
  `admin_id` bigint unsigned NOT NULL,
  PRIMARY KEY (`id`),
  KEY `fk_communities_users_admin_idx` (`admin_id`),
  CONSTRAINT `fk_communities_users` FOREIGN KEY (`admin_id`) REFERENCES `users` (`id`)
) ENGINE=InnoDB AUTO_INCREMENT=101 DEFAULT CHARSET=utf8mb4 COLLATE=utf8mb4_0900_ai_ci;
/*!40101 SET character_set_client = @saved_cs_client */;

--
-- Dumping data for table `communities`
--

LOCK TABLES `communities` WRITE;
/*!40000 ALTER TABLE `communities` DISABLE KEYS */;
INSERT INTO `communities` VALUES (1,'magni','Cupiditate inventore quia velit suscipit ad fuga rerum. Id facere at voluptas vel. Omnis qui provident aut est at. Quo et sit rem et.',131),(2,'consequatur','Quis est ullam voluptas repudiandae similique dolore. Vitae soluta aut perferendis porro ut accusantium. Blanditiis magni commodi non consectetur et harum. Rerum sed voluptatem deserunt ad cupiditate est.',90),(3,'in','Expedita sit eum blanditiis atque corrupti odio. Maxime velit inventore voluptatem dolor et beatae. Quis corporis sequi quaerat fugit sint asperiores fugit.',71),(4,'dolorem','Non illo qui soluta eligendi nemo. Est nihil explicabo placeat ut ipsam assumenda fuga rerum. Praesentium quod at officiis dolorum aut illum illo. Molestiae libero ut ipsam ut sequi.',13),(5,'voluptas','Sed est quas rerum vitae. Neque cumque optio quaerat laboriosam iusto. Et est veritatis distinctio enim cum est.',91),(6,'enim','Incidunt expedita magnam repudiandae quia ad consectetur dolorem accusantium. Modi voluptatibus ea laboriosam quis non provident. In assumenda quisquam enim enim et autem. Incidunt reiciendis facere quis alias.',99),(7,'porro','Consequuntur iure quo ipsam omnis laboriosam dolorem. Architecto totam quos quo quo culpa amet magni totam. Quo nobis culpa fugit sed et.',89),(8,'et','Commodi aut est laboriosam doloribus expedita. Qui dolorum nulla rerum suscipit sit eius itaque. Harum dolorem ea dolorem deleniti minus.',61),(9,'sit','Quos accusamus ex voluptatum doloremque recusandae incidunt qui. Natus sed nihil nemo adipisci rerum velit aut.',32),(10,'sunt','In et et sunt ut rerum rem. Ad inventore deleniti laboriosam optio ut. Sed beatae aspernatur distinctio maiores culpa error quas repudiandae. Voluptatem minima corporis temporibus laborum quos tempora.',149),(11,'corrupti','Sunt maxime cum voluptas sed tempora. Omnis ut est et. Non quasi quaerat sint labore unde accusamus rem.',3),(12,'velit','Repellendus ab consequatur magni ullam sapiente sint. Soluta sit totam vel earum nisi minus tempora. Nam similique itaque ut rerum alias dolores vitae. Laboriosam fugiat aut consequatur. Sed eius cum sit et iste enim.',110),(13,'quaerat','Dolorem suscipit voluptatibus illum amet. Eaque explicabo eligendi et praesentium consequatur eos tempore. Doloribus nostrum quos sapiente.',138),(14,'facere','Quia explicabo aut asperiores dolor. Impedit libero et dolorem unde qui cupiditate molestiae. Quas asperiores est assumenda voluptatum voluptas quasi. Esse aut libero iste architecto sint libero qui.',91),(15,'ab','Sed aut rerum est est perspiciatis. In incidunt dolorem qui. Impedit eum dolorem quidem ut a voluptatem consequatur.',61),(16,'eum','Earum facere consequuntur est unde sint quibusdam. Laboriosam quae voluptatibus facilis ea. Sed non enim aut occaecati voluptatibus. Quas repudiandae omnis odit est repellendus rem.',25),(17,'molestiae','Aut excepturi placeat voluptate. Et ut omnis dolor modi placeat excepturi et. Voluptatem iusto fugit pariatur optio accusantium voluptatem ea harum. Est soluta doloribus voluptate ipsa autem dicta recusandae.',75),(18,'tempora','Placeat laboriosam at id minus enim eos. Adipisci dolorum et nihil deleniti rerum adipisci. Veniam tempora sequi voluptatem beatae. Reiciendis quo distinctio rerum et cupiditate est.',51),(19,'sint','Facere voluptatem illo est officia et ut enim. Nihil dignissimos nihil alias ipsam.',59),(20,'tempore','Et ratione cumque aut sapiente optio expedita odio et. Voluptas sed id qui veniam. Nemo sed minima eos non. Voluptatum facilis minima in sit rerum.',58),(21,'est','Cum velit molestiae quas minima dolores. Cumque at ut autem aut non optio cupiditate ea. Eius sed porro illo qui distinctio dolores. Sit saepe ea qui qui ab.',82),(22,'cum','Natus omnis adipisci doloribus consequatur laborum corrupti consectetur. Officiis provident ea sint nesciunt molestiae tenetur tenetur. Nemo dolores possimus nam mollitia eius.',88),(23,'consequatur','Exercitationem qui ipsum atque veniam aperiam. Possimus quod cum dolore aliquam. Neque quibusdam eum aut. Voluptatibus ea deleniti ipsa vel quasi voluptas maiores.',11),(24,'enim','Aspernatur sint necessitatibus ut cumque omnis. Sint nulla labore et reprehenderit. Fuga aspernatur consequatur non doloremque ex. Dignissimos maiores optio praesentium suscipit.',148),(25,'quia','Rerum maxime dolorum id eaque omnis. Deleniti possimus qui molestiae nostrum rerum corporis. Quo numquam est sed a et. Ipsam architecto dolorem delectus occaecati assumenda recusandae voluptatibus exercitationem.',118),(26,'rerum','Et consequatur soluta et ex velit velit. Possimus mollitia earum dolorem aut saepe ad. Quo saepe nulla aut illo est quis eveniet et.',64),(27,'ut','Suscipit neque sed voluptatem dolor dolorum non ab molestiae. Doloremque consequatur aut consequatur id qui facere. Distinctio sit aut molestiae voluptate saepe voluptatem dicta illo.',69),(28,'non','Vitae et minus animi dolores molestias eius corrupti. Quia ut neque qui voluptatem deserunt cum amet. Suscipit perspiciatis dolores sit fugit ex tempora sunt.',89),(29,'ullam','Sequi nobis dolores et cum facilis cupiditate odio. Repellat non et sed quam architecto. Laboriosam ea veniam expedita mollitia dolores molestiae ducimus.',144),(30,'rerum','Magni ipsum eum sint ut est et. Laborum qui dicta similique autem rerum inventore. Voluptatem voluptas iusto mollitia expedita nisi asperiores. Tenetur rem dolores corrupti et consequatur est eaque totam. Quia illo provident iste veniam similiqu',69),(31,'vitae','Sunt nisi vel corporis a occaecati eum. Laudantium autem voluptas voluptates eaque saepe provident dolorem voluptas. Voluptas nam quia ipsam dolores. Aut est consequatur sit ab.',15),(32,'non','Veniam illo id neque eum ut quis. Nulla dolorem vitae dolore. Consequatur omnis occaecati suscipit qui ipsa modi magni.',124),(33,'explicabo','Tempora accusantium explicabo recusandae eos. Fuga est ut enim dolores sunt perspiciatis cum aut. Voluptatem consequatur odit provident architecto ut.',9),(34,'magni','Laborum quos non ex veritatis est itaque et. Sed in vel exercitationem qui. Eveniet praesentium qui ipsum sit. Non et eius blanditiis facere ex aliquid. Qui tenetur quia nihil et modi sunt.',86),(35,'possimus','Rerum provident et qui fugit amet quidem eveniet. Vel molestiae totam autem. Labore soluta cum recusandae tempore sapiente hic. Explicabo aliquam id aspernatur commodi. Consequatur vero quasi omnis quia qui est.',137),(36,'qui','Minima necessitatibus facere aliquam officia enim. Aspernatur labore sit labore debitis quo voluptatem nesciunt. Et voluptas dicta sit blanditiis praesentium.',99),(37,'et','Et nostrum fuga aut dolor optio eius maxime. Harum facere quis eligendi saepe ea voluptatem. Voluptatem quod ea non quis est ad quasi qui. Facilis autem enim delectus necessitatibus quam optio provident architecto.',34),(38,'consequatur','Omnis recusandae facere nulla ducimus. Et inventore minus ea ut voluptatum ipsa consequatur. Qui et odit esse voluptatibus et voluptatem et.',75),(39,'eum','Quaerat quo ipsum voluptates et perferendis sit a consequatur. Dolores autem veritatis dolor. Dolorum repellat non aut dolor earum repudiandae fuga.',9),(40,'suscipit','Rem est atque rerum et quae voluptatem autem. Laudantium voluptates explicabo a at omnis. Voluptatem ex ut amet dolores velit harum quia pariatur.',65),(41,'porro','Et tempore et laboriosam aspernatur. Sapiente omnis vitae itaque reiciendis laboriosam. Asperiores et eaque velit voluptatem aspernatur molestias provident modi. Enim expedita ab inventore numquam quos recusandae.',74),(42,'qui','Quia assumenda eligendi sequi fuga deleniti optio. Quas dicta officia dolores veritatis dolor aut vel. Excepturi esse repudiandae hic magnam dolor numquam. Est tempore ut totam sint possimus debitis dolorum.',12),(43,'est','Dolorem ut at est quia sapiente. Ea aut nostrum quaerat porro similique fuga. Suscipit reiciendis et deleniti a et reiciendis.',25),(44,'est','Provident reiciendis ratione ut maxime quae. Minus quas sequi et id voluptatibus. Rerum impedit praesentium cupiditate sint ut.',61),(45,'ipsum','Dolorem fugiat optio fugiat suscipit asperiores sed sit adipisci. Voluptates voluptate molestiae sed earum delectus quae aliquid. Maxime quasi in cumque sit ut omnis. Velit perspiciatis ut magni sunt delectus et consequatur.',102),(46,'quas','Recusandae tempora corrupti pariatur maiores voluptas sunt ut. Dignissimos aut itaque voluptatem voluptatem neque est. Enim blanditiis quidem quo et. Aut amet sint at.',85),(47,'aut','Laborum est itaque et totam accusantium. Dolores consequatur odio est aperiam quos. Quis omnis consequatur quae quae ratione. Sed odit illo atque exercitationem.',86),(48,'aliquam','Necessitatibus repudiandae illo est sapiente assumenda velit. Rerum tempore rerum corporis itaque est id nesciunt.',27),(49,'et','Ut repudiandae magni quae dolorem iste accusantium. Et aut tempore corrupti perferendis. Ut id consequatur iure corporis. Nam nam non fugit. Facilis eligendi non itaque ipsam eaque cum provident non.',136),(50,'dolorum','Esse sed atque et est sit quam. Minima dolores est et voluptatem voluptas exercitationem et provident. Sed omnis rerum beatae architecto ullam quis voluptatem. Quas in est labore fugiat.',144),(51,'aut','Beatae at voluptates et. Voluptas pariatur quia nisi pariatur deserunt consequatur. Repudiandae qui doloremque necessitatibus et qui omnis nihil adipisci. Ipsum est vero ut doloremque natus cumque quia ad.',85),(52,'atque','Mollitia sed sed totam et. Ratione explicabo debitis optio sint. Autem numquam aperiam deserunt saepe qui velit. Quasi at perferendis nulla.',68),(53,'id','Ut vel aspernatur repudiandae. Ut qui quasi et quae temporibus ut a.',81),(54,'voluptatem','Qui ducimus cumque dolor neque. Non corporis facilis sed sed eum. Voluptas incidunt illum adipisci veniam. Qui sapiente ea et culpa.',96),(55,'labore','Adipisci ea aperiam et et non. Iste quae harum placeat. Sint dolorem quia exercitationem minus ratione alias. Distinctio minus architecto quos aut dolores iusto id numquam.',65),(56,'omnis','Velit rerum consequatur beatae explicabo. Et qui cumque dolores voluptatem. Aspernatur nihil perspiciatis repellat iste magni dolores.',49),(57,'temporibus','Modi cumque quia quia sint necessitatibus unde. Eos cupiditate eum delectus et delectus laboriosam tenetur. Quos cumque dolorem ullam omnis incidunt.',9),(58,'corporis','Debitis nobis dolore quas quibusdam ut qui. Quod deleniti dolorem perferendis quibusdam. Et rerum illum ad sit officiis omnis. Sint cupiditate ut ipsa quae nemo.',134),(59,'fugiat','Temporibus id eius hic necessitatibus et et. Earum aperiam dolore vel nostrum officia accusantium eligendi. Sunt tenetur impedit esse et quia asperiores.',138),(60,'quaerat','Sed quam qui qui iusto fuga nam provident. Dolor delectus minima autem molestiae est sit. Voluptate soluta dolore ullam necessitatibus ea sunt repellendus.',2),(61,'in','Nobis quidem nihil facere eius ipsam. Voluptas placeat rerum beatae aut odio id quasi. Omnis labore ipsa sunt earum.',52),(62,'qui','Omnis earum est sed quis officia ut. Provident aspernatur incidunt quis autem quo deserunt eos. Ullam deserunt beatae ipsam.',2),(63,'vero','Velit similique in et amet dolor. Sunt debitis in vel voluptatem reiciendis. Facere minima quis hic magni animi similique. Voluptatum autem dignissimos non aut rerum voluptatem.',126),(64,'quis','Exercitationem eum et vel doloribus velit. Soluta ad velit ut facilis. Aperiam nam sit illum perferendis. Suscipit consequuntur et qui voluptas minus.',61),(65,'et','Odit enim dolorem ex vel consequatur quia. Consequatur voluptatibus eum adipisci eius sit. Porro praesentium aut architecto quia fugiat tempore aut. Ullam est repellendus vero iusto sunt quia impedit labore.',88),(66,'et','Incidunt fugiat labore in odio facere ipsam et. Aut est qui voluptate illo. Occaecati voluptas omnis voluptatem accusantium magni cumque eveniet id. Sunt nobis aut ad blanditiis.',112),(67,'autem','Dolore unde molestias alias ipsa omnis rerum qui. Adipisci aut est quia expedita magni ut at.',9),(68,'enim','Quod perspiciatis eius quod quo non eius. Doloribus velit tempore similique fugit doloribus alias et recusandae. Occaecati officia blanditiis quia aut dolores illo autem. Qui quia consectetur eos.',121),(69,'inventore','Quisquam esse nemo doloribus dolores asperiores odio est. Nobis eos modi incidunt nulla deserunt aut sed. Minus est adipisci labore tempora eum dolor animi possimus. Eum nesciunt sit voluptatibus eum voluptas excepturi.',37),(70,'repudiandae','Veniam sed sunt voluptatum. Aliquam sunt aut maiores quos. Non dolor qui earum excepturi. Voluptatum quod et sed.',18),(71,'ratione','Id velit reprehenderit expedita perspiciatis voluptatum. Eligendi maiores repellendus voluptatem cum amet nam ut. Dolores ex eum consequatur et.',36),(72,'quis','Praesentium saepe error sed laborum quisquam dolore. In aut recusandae labore. Alias labore ratione libero.',110),(73,'tempora','Ipsa sed molestias facere veritatis odit et qui. Rerum ea necessitatibus rem labore. Iusto fugit et architecto magni.',30),(74,'vero','Nihil qui amet maxime nulla. Ea voluptas qui sunt excepturi aut est officiis.',60),(75,'dolor','Dolorem aut id nihil qui. Quae est sapiente repellendus cum. Enim a ea eligendi. Aliquam iusto maiores doloribus quos aut dignissimos et quaerat. Deleniti et quas quos perferendis deleniti.',20),(76,'eos','Repellendus architecto nam repudiandae. Aliquam omnis labore expedita ut non soluta. Iure quis ut rem amet quod. Sed maxime facilis eum aut quis esse.',132),(77,'sit','Est dicta sapiente magnam id aliquid. Dolor assumenda est ullam.',145),(78,'autem','Voluptatum ducimus cumque quam inventore sed. Fugit voluptate architecto enim in in voluptas aperiam. Laborum iste porro ut similique est.',105),(79,'fugit','Expedita nihil perferendis ipsum earum nobis. Architecto eos corrupti eos voluptates amet dolores at fugiat. Id sed sit est aut.',8),(80,'sit','Animi nam et quia omnis a facilis. Voluptatem reprehenderit laboriosam dolor eum qui cupiditate consequuntur. Est debitis cupiditate omnis optio. Corrupti porro blanditiis ipsa quaerat illo saepe.',131),(81,'excepturi','Quis ut vero consequatur voluptas quo veniam aliquam. Fugiat incidunt itaque ad officiis dolor consectetur mollitia. Ut architecto nobis molestiae odio alias suscipit.',99),(82,'qui','Consequatur et tempora iure voluptatem quisquam facilis dolorum. Beatae aut vero ratione. Illum cum repellat consequuntur amet ea.',93),(83,'officia','Laborum nostrum earum aut eos beatae ut. Qui in perspiciatis sequi fugiat voluptas doloribus sit. Et repellat sit eaque non ut non.',48),(84,'corporis','Assumenda mollitia quo esse ut alias officiis accusamus. Temporibus expedita facilis animi consectetur reiciendis expedita. Commodi cupiditate et facere illo.',30),(85,'animi','Eum dolorem doloribus sint molestias fuga temporibus officia officiis. Sit suscipit ea vel iusto omnis. Est velit atque odit illo dignissimos eum cum. Eos quos velit eveniet unde.',38),(86,'non','Sed harum rem aut autem. Laborum expedita repellat enim. Magni voluptas ea autem fuga consequuntur possimus nihil. Necessitatibus blanditiis id eius.',112),(87,'distinctio','Et qui reprehenderit omnis ut. Dolorem architecto nihil sapiente necessitatibus consectetur veritatis nesciunt. Libero odio dolorem amet totam vero et. Qui earum repudiandae et a molestiae minima.',79),(88,'ut','Sed esse quisquam voluptatum. Qui natus qui velit quidem autem quibusdam voluptatum. Itaque impedit dolor nihil reiciendis omnis recusandae. Illo dolorem voluptatum labore dolorem.',47),(89,'quis','Ut accusamus aperiam sed tenetur pariatur. Corporis dolores eveniet molestias et quis cumque quia quo. Laudantium vel sint mollitia quia.',95),(90,'quia','Corrupti voluptas officia iure rerum id quas. Eius odit ut et ratione temporibus deserunt id vitae. Quis vel odio rerum commodi saepe. Quia quisquam iste nulla quod quae.',66),(91,'officiis','Ut repellendus vero adipisci qui ullam. Est fugiat quia quisquam fugiat quod laborum. Ipsam animi est qui soluta nemo explicabo soluta.',48),(92,'ipsam','Quod at fugiat rerum aliquam. Fuga libero et et qui. Quae eos doloremque qui voluptatem in sed. Occaecati non dolor laudantium porro.',147),(93,'est','Cum id repudiandae ipsum ea voluptas itaque. Enim iste architecto qui neque deleniti et suscipit molestias. Adipisci possimus magni omnis accusamus.',68),(94,'ducimus','Placeat corrupti eius voluptate possimus molestiae est doloribus. Voluptatum minima aut eum doloribus illo consequuntur rerum. Quia rerum et et qui.',23),(95,'maxime','Debitis dolore eos accusamus cum. Et ut libero est officiis quae. Possimus iste unde fugit eos nihil ipsam quo. Nostrum aut cumque et ut harum dolores.',57),(96,'ut','Deleniti quas quia voluptatem nihil qui tempora dolor. Repudiandae aut expedita quaerat deleniti quisquam dolorem quo. Et qui autem inventore reprehenderit sit. Vel tenetur quaerat dolores quis sint quae.',5),(97,'illo','Corporis voluptatem delectus et cumque ab molestias quae. Et modi aliquid unde consectetur sed. At laudantium corrupti odio pariatur.',135),(98,'in','Quis amet ea impedit magnam. Temporibus vel ullam enim. Voluptates omnis commodi provident fuga minus libero voluptas dolorum.',66),(99,'qui','Dolor fuga recusandae architecto ut sit. Sit harum animi dolorem facilis. Eum est magni minus sapiente.',125),(100,'aut','Et fuga esse totam aut non cupiditate. Labore ipsam iure est.',21);
/*!40000 ALTER TABLE `communities` ENABLE KEYS */;
UNLOCK TABLES;

--
-- Table structure for table `communities_users`
--

DROP TABLE IF EXISTS `communities_users`;
/*!40101 SET @saved_cs_client     = @@character_set_client */;
/*!50503 SET character_set_client = utf8mb4 */;
CREATE TABLE `communities_users` (
  `community_id` bigint unsigned NOT NULL,
  `user_id` bigint unsigned NOT NULL,
  `created_at` datetime NOT NULL DEFAULT CURRENT_TIMESTAMP,
  PRIMARY KEY (`community_id`,`user_id`),
  KEY `communities_users_comm_idx` (`community_id`),
  KEY `communities_users_users_idx` (`user_id`),
  CONSTRAINT `fk_communities_users_comm` FOREIGN KEY (`community_id`) REFERENCES `communities` (`id`),
  CONSTRAINT `fk_communities_users_users` FOREIGN KEY (`user_id`) REFERENCES `users` (`id`)
) ENGINE=InnoDB DEFAULT CHARSET=utf8mb4 COLLATE=utf8mb4_0900_ai_ci;
/*!40101 SET character_set_client = @saved_cs_client */;

--
-- Dumping data for table `communities_users`
--

LOCK TABLES `communities_users` WRITE;
/*!40000 ALTER TABLE `communities_users` DISABLE KEYS */;
INSERT INTO `communities_users` VALUES (2,82,'1989-06-19 15:34:43'),(3,104,'1971-11-13 01:26:08'),(4,10,'1980-07-27 06:02:59'),(4,142,'2005-03-16 13:30:56'),(4,149,'1987-07-23 01:25:00'),(6,23,'1987-11-29 14:26:17'),(6,26,'1991-11-16 00:23:52'),(7,63,'2010-11-25 18:26:11'),(7,73,'2016-09-20 18:29:20'),(7,142,'2001-04-17 22:28:30'),(8,10,'1995-01-02 23:05:58'),(11,117,'1979-01-27 05:09:57'),(12,29,'1991-11-09 02:04:55'),(14,42,'1983-10-30 21:33:25'),(14,69,'2018-03-25 11:29:26'),(14,126,'1972-06-24 14:28:04'),(16,44,'1974-07-05 05:32:58'),(16,78,'1974-03-28 23:23:13'),(16,126,'2018-04-19 18:39:03'),(17,37,'1993-06-05 04:24:00'),(17,41,'2019-12-26 00:01:35'),(17,86,'1987-08-29 04:15:32'),(18,68,'2003-09-22 09:26:10'),(18,137,'2015-07-06 12:15:18'),(18,145,'1983-12-08 20:17:59'),(21,108,'2009-03-07 12:41:54'),(22,109,'1996-02-14 11:48:37'),(23,21,'2020-09-14 18:42:15'),(23,76,'1974-02-11 19:03:21'),(23,96,'1992-05-14 03:23:07'),(26,122,'2016-02-16 00:48:37'),(27,74,'2018-06-20 09:07:28'),(28,81,'1989-02-16 16:50:38'),(29,122,'2014-04-19 22:14:39'),(29,123,'2011-04-25 08:30:49'),(30,101,'1970-03-21 03:10:35'),(30,118,'2012-01-06 06:21:14'),(31,88,'1970-11-17 19:45:08'),(32,137,'1982-08-06 11:56:26'),(33,48,'1994-11-01 23:48:51'),(33,100,'2006-10-20 05:30:30'),(34,109,'1976-04-06 11:06:56'),(35,133,'1981-04-18 21:31:36'),(35,143,'2017-06-19 16:47:42'),(38,16,'1970-04-01 20:48:03'),(39,73,'2017-03-03 05:17:09'),(41,98,'2019-08-24 10:29:14'),(43,84,'1978-01-29 03:00:40'),(43,101,'2014-04-27 10:56:13'),(44,81,'1976-06-24 18:13:43'),(44,108,'2018-04-16 03:06:47'),(45,53,'2002-03-23 16:20:58'),(48,54,'1978-07-24 02:13:07'),(49,103,'1986-05-16 03:16:03'),(50,32,'1996-09-25 02:42:33'),(51,75,'2017-11-03 01:07:46'),(52,32,'1981-03-10 14:58:51'),(54,57,'2020-03-07 02:32:18'),(55,58,'1973-03-08 15:35:56'),(55,80,'1982-06-11 21:34:15'),(55,99,'1994-11-14 08:37:45'),(56,101,'1974-03-11 16:25:54'),(58,99,'1973-05-12 07:23:59'),(62,23,'1974-01-19 13:52:58'),(63,24,'1989-05-10 21:49:45'),(63,119,'1982-08-24 16:26:14'),(64,51,'2010-04-13 20:09:26'),(67,26,'2012-02-19 17:42:04'),(67,146,'2017-10-01 11:58:28'),(68,61,'1992-07-28 13:37:36'),(68,78,'1983-09-25 12:20:33'),(69,41,'2007-10-06 13:30:09'),(69,60,'2017-12-24 21:01:18'),(71,4,'2006-10-12 23:44:09'),(72,21,'2004-12-31 08:56:40'),(72,112,'1973-12-18 20:37:50'),(72,118,'1991-01-12 04:48:35'),(75,88,'1992-06-18 19:08:07'),(76,26,'1992-03-13 06:51:34'),(76,62,'2001-04-07 22:54:51'),(76,145,'1978-11-12 21:22:43'),(78,71,'1984-10-24 14:56:10'),(78,97,'1974-01-08 20:26:41'),(79,71,'1993-02-08 05:42:44'),(80,4,'2003-03-18 20:53:50'),(80,121,'1994-07-07 11:15:54'),(80,136,'2010-11-24 04:03:30'),(82,26,'2013-08-29 18:05:34'),(82,58,'2009-11-12 01:42:54'),(88,4,'2019-04-09 12:41:25'),(90,145,'1995-12-15 04:02:02'),(91,59,'2006-10-05 20:34:10'),(92,91,'2014-06-23 06:43:18'),(92,145,'1974-04-09 04:14:05'),(93,111,'1996-10-26 21:33:30'),(97,19,'1993-01-14 09:38:05'),(97,132,'2018-07-16 23:00:25'),(98,51,'1991-06-06 10:11:32'),(98,74,'2000-11-13 01:48:34');
/*!40000 ALTER TABLE `communities_users` ENABLE KEYS */;
UNLOCK TABLES;

--
-- Table structure for table `friend_requests`
--

DROP TABLE IF EXISTS `friend_requests`;
/*!40101 SET @saved_cs_client     = @@character_set_client */;
/*!50503 SET character_set_client = utf8mb4 */;
CREATE TABLE `friend_requests` (
  `from_user_id` bigint unsigned NOT NULL,
  `to_user_id` bigint unsigned NOT NULL,
  `accepted` tinyint(1) DEFAULT '0',
  PRIMARY KEY (`from_user_id`,`to_user_id`),
  KEY `fk_friend_requests_from_user_idx` (`from_user_id`),
  KEY `fk_friend_requests_to_user_idx` (`to_user_id`),
  CONSTRAINT `fk_friend_requests_users_1` FOREIGN KEY (`from_user_id`) REFERENCES `users` (`id`),
  CONSTRAINT `fk_friend_requests_users_2` FOREIGN KEY (`to_user_id`) REFERENCES `users` (`id`)
) ENGINE=InnoDB DEFAULT CHARSET=utf8mb4 COLLATE=utf8mb4_0900_ai_ci;
/*!40101 SET character_set_client = @saved_cs_client */;

--
-- Dumping data for table `friend_requests`
--

LOCK TABLES `friend_requests` WRITE;
/*!40000 ALTER TABLE `friend_requests` DISABLE KEYS */;
INSERT INTO `friend_requests` VALUES (1,36,1),(6,85,1),(6,89,1),(6,115,0),(7,14,1),(7,29,0),(7,111,1),(9,38,0),(12,6,0),(13,40,0),(14,4,1),(14,55,1),(14,65,0),(14,75,0),(15,83,1),(16,82,0),(18,90,1),(18,119,1),(19,60,1),(22,78,1),(22,116,0),(26,15,0),(26,27,0),(26,39,0),(27,114,0),(27,146,1),(28,130,0),(30,61,1),(34,125,1),(36,80,0),(41,46,0),(43,63,1),(44,98,1),(46,32,0),(46,96,1),(47,8,0),(47,13,0),(47,142,1),(49,79,1),(49,133,1),(52,130,1),(55,76,1),(56,47,1),(57,86,1),(60,102,1),(62,97,0),(64,86,0),(66,143,1),(71,13,0),(71,78,1),(72,133,1),(72,150,0),(73,36,0),(74,119,1),(75,74,0),(75,106,0),(77,15,0),(77,26,1),(77,102,1),(78,5,1),(81,96,1),(82,58,1),(83,63,1),(83,119,0),(84,115,1),(84,118,1),(87,39,1),(87,141,0),(88,32,0),(89,140,1),(90,92,1),(93,146,1),(95,48,1),(96,70,0),(99,44,0),(100,62,1),(101,12,0),(105,77,0),(105,101,0),(107,14,0),(113,63,0),(115,128,0),(120,61,0),(121,27,1),(127,67,0),(128,56,1),(128,59,1),(129,92,0),(137,61,1),(138,53,1),(138,86,1),(138,149,0),(139,113,1),(141,117,1),(143,137,0),(146,57,0),(146,78,1),(147,145,1),(148,71,0),(150,145,0);
/*!40000 ALTER TABLE `friend_requests` ENABLE KEYS */;
UNLOCK TABLES;

--
-- Table structure for table `media`
--

DROP TABLE IF EXISTS `media`;
/*!40101 SET @saved_cs_client     = @@character_set_client */;
/*!50503 SET character_set_client = utf8mb4 */;
CREATE TABLE `media` (
  `id` bigint unsigned NOT NULL AUTO_INCREMENT,
  `user_id` bigint unsigned NOT NULL,
  `media_types_id` int unsigned NOT NULL,
  `file_name` varchar(245) DEFAULT NULL COMMENT '/files/folder/img.png',
  `file_size` bigint DEFAULT NULL,
  `created_at` datetime NOT NULL DEFAULT CURRENT_TIMESTAMP,
  PRIMARY KEY (`id`),
  KEY `fk_media_users_idx` (`user_id`),
  KEY `fk_media_media_types` (`media_types_id`),
  CONSTRAINT `fk_media_media_types` FOREIGN KEY (`media_types_id`) REFERENCES `media_types` (`id`),
  CONSTRAINT `fk_media_users` FOREIGN KEY (`user_id`) REFERENCES `users` (`id`)
) ENGINE=InnoDB AUTO_INCREMENT=201 DEFAULT CHARSET=utf8mb4 COLLATE=utf8mb4_0900_ai_ci;
/*!40101 SET character_set_client = @saved_cs_client */;

--
-- Dumping data for table `media`
--

LOCK TABLES `media` WRITE;
/*!40000 ALTER TABLE `media` DISABLE KEYS */;
INSERT INTO `media` VALUES (1,138,1,'voluptates',7,'1981-09-08 19:48:41'),(2,110,3,'quae',76,'1999-07-04 08:09:46'),(3,57,4,'eaque',1418833,'2012-10-27 14:04:52'),(4,89,3,'dignissimos',4650775,'1974-07-05 23:50:30'),(5,82,3,'accusantium',97,'1977-02-07 07:06:57'),(6,53,3,'ab',16161131,'2001-07-04 05:27:07'),(7,15,4,'mollitia',0,'1980-12-08 02:51:28'),(8,33,2,'temporibus',0,'1971-10-28 01:18:57'),(9,73,2,'suscipit',4286,'2019-10-11 02:56:07'),(10,124,2,'odio',698465940,'2008-04-12 03:48:20'),(11,77,4,'nobis',20,'1973-04-18 11:04:13'),(12,17,2,'assumenda',73,'1971-03-27 14:46:19'),(13,114,1,'tenetur',0,'1980-06-24 17:41:10'),(14,89,4,'quis',339,'1990-10-21 08:54:59'),(15,62,1,'molestiae',9,'1985-01-18 12:57:15'),(16,105,2,'sint',32083,'1979-06-19 07:58:43'),(17,34,2,'itaque',5817467,'2003-11-29 18:01:24'),(18,5,3,'ut',6771317,'1980-03-19 09:37:37'),(19,33,3,'ipsam',28,'2012-07-13 21:14:35'),(20,49,4,'aperiam',539723347,'1985-02-05 04:09:58'),(21,26,3,'et',82718,'2020-11-17 13:45:10'),(22,65,2,'quam',5,'2007-10-08 20:55:24'),(23,83,3,'similique',549,'2017-12-02 14:53:13'),(24,104,1,'quia',732587538,'2016-07-04 22:28:59'),(25,150,3,'odio',753,'2000-04-15 02:38:11'),(26,66,3,'est',5022409,'1987-12-19 20:48:54'),(27,68,3,'velit',55335608,'1970-09-09 14:47:32'),(28,137,1,'praesentium',578,'1993-02-24 04:39:57'),(29,99,3,'qui',406226,'1984-07-29 18:33:09'),(30,146,1,'temporibus',6367,'1976-01-02 07:46:32'),(31,107,3,'sapiente',62,'1973-07-04 14:34:12'),(32,60,4,'praesentium',62996,'2005-10-11 22:41:38'),(33,14,2,'eum',0,'2001-07-23 11:38:24'),(34,81,2,'sint',8440,'2000-02-06 03:49:12'),(35,8,4,'eaque',422940,'1997-03-14 01:50:41'),(36,10,1,'vero',441624,'2011-03-25 17:30:17'),(37,80,2,'laborum',484,'2000-06-04 07:48:09'),(38,73,1,'in',2631135,'2009-09-14 12:17:35'),(39,22,1,'cum',76738,'2009-06-13 03:50:27'),(40,17,1,'totam',888,'1992-03-05 09:37:51'),(41,105,3,'modi',97950,'2015-09-10 03:28:43'),(42,98,1,'corporis',2,'1985-08-29 08:38:22'),(43,14,3,'doloribus',3021,'2010-07-07 08:17:19'),(44,54,3,'voluptatem',64441,'2018-12-15 07:03:22'),(45,10,2,'libero',6,'1983-02-27 07:05:27'),(46,123,4,'aut',2,'1972-04-06 18:12:44'),(47,149,1,'ut',7,'1981-02-12 20:29:22'),(48,107,1,'labore',7,'1972-08-16 06:25:26'),(49,97,1,'atque',0,'2019-06-24 22:05:16'),(50,58,3,'ullam',976,'1998-01-14 21:48:53'),(51,16,2,'aperiam',94,'1981-03-23 07:05:57'),(52,138,3,'voluptatem',7736,'1970-01-23 16:20:52'),(53,143,2,'velit',754,'2015-07-20 06:43:48'),(54,107,1,'incidunt',864730,'2003-07-26 05:54:19'),(55,87,4,'velit',282863,'2016-10-01 07:23:22'),(56,36,2,'voluptas',4,'2018-09-30 15:38:24'),(57,56,4,'ipsam',0,'2004-08-02 16:05:49'),(58,63,2,'accusamus',291,'2004-02-19 04:29:35'),(59,67,4,'fugit',5675,'1981-08-04 11:28:37'),(60,32,3,'ut',26208,'2005-11-29 01:07:30'),(61,14,1,'qui',987,'1970-05-30 09:35:52'),(62,42,1,'quaerat',563,'2015-11-28 00:58:00'),(63,37,4,'quo',40831,'1982-12-29 14:39:09'),(64,24,4,'vero',0,'1995-09-11 05:00:18'),(65,36,3,'nostrum',8,'2007-08-16 06:45:31'),(66,88,2,'tenetur',8895,'1996-01-07 02:06:20'),(67,150,2,'alias',89681,'1979-04-10 13:41:36'),(68,146,4,'alias',45,'1971-12-04 12:13:56'),(69,135,3,'rerum',58795,'2005-08-12 07:19:28'),(70,6,2,'vel',44924296,'1984-03-13 13:10:28'),(71,77,2,'voluptatem',1683941,'1996-10-20 21:24:04'),(72,113,4,'culpa',48,'1971-08-31 02:10:28'),(73,24,1,'cumque',748753,'2007-04-09 03:33:50'),(74,51,3,'voluptates',96192,'1989-08-12 16:13:57'),(75,141,3,'provident',21459,'2005-02-20 02:53:42'),(76,16,1,'debitis',762610362,'2009-01-18 10:13:03'),(77,86,2,'sapiente',660,'1989-01-18 14:28:56'),(78,17,4,'est',0,'2004-10-09 15:36:10'),(79,56,2,'iure',8810,'1993-12-04 00:20:06'),(80,106,3,'voluptates',4128,'2003-02-16 01:59:32'),(81,122,2,'dolorem',9,'2004-06-17 09:31:26'),(82,142,4,'omnis',28,'2011-08-11 15:28:54'),(83,118,4,'ut',5791,'1995-01-15 20:39:11'),(84,113,3,'accusantium',3,'1991-09-16 12:12:21'),(85,91,4,'officia',9048,'1999-09-17 12:32:48'),(86,24,1,'illum',241,'2018-05-21 07:37:44'),(87,10,4,'rerum',3733,'1975-03-25 01:59:25'),(88,148,1,'possimus',11811,'1978-09-05 14:45:36'),(89,12,2,'inventore',483115699,'1971-08-05 06:44:47'),(90,124,1,'rerum',6615855,'1987-10-09 05:50:57'),(91,131,4,'quod',40,'1999-01-18 18:59:52'),(92,6,2,'dolorem',884804,'1979-06-09 06:40:14'),(93,47,1,'quis',9,'1988-05-04 06:19:35'),(94,39,3,'commodi',55020712,'1988-06-28 17:02:02'),(95,62,4,'velit',5,'2012-12-15 13:09:39'),(96,43,1,'eveniet',316,'1977-08-28 03:55:10'),(97,37,1,'ipsum',0,'1990-11-30 02:42:07'),(98,4,1,'consequatur',4828,'1979-12-17 16:47:07'),(99,22,4,'facilis',786847,'1983-09-05 04:25:16'),(100,107,3,'commodi',23858,'2019-05-21 06:28:53'),(101,84,4,'distinctio',9026116,'2008-05-14 06:04:08'),(102,129,3,'aut',5362783,'1983-12-04 20:30:16'),(103,117,4,'ipsa',1119,'1971-10-28 07:48:58'),(104,127,4,'quaerat',6933,'1986-07-28 04:57:34'),(105,25,3,'modi',792,'2001-06-27 03:41:36'),(106,129,1,'ad',47045171,'2001-06-13 04:54:58'),(107,90,4,'quos',25511601,'1978-01-30 22:09:38'),(108,71,4,'qui',4911,'1988-05-21 01:25:19'),(109,6,3,'aperiam',0,'1980-08-06 04:59:27'),(110,89,2,'labore',45982975,'1978-07-14 13:39:47'),(111,103,4,'at',17,'2007-08-27 23:32:34'),(112,100,4,'sint',5,'1988-09-15 06:12:35'),(113,16,3,'iusto',3425988,'1998-03-13 05:19:08'),(114,143,1,'repellat',8962713,'2007-09-14 00:17:02'),(115,69,3,'dolores',691,'1977-04-07 16:41:13'),(116,150,1,'vel',3544769,'2002-08-10 07:31:15'),(117,79,4,'voluptatem',0,'2020-05-06 13:38:01'),(118,97,2,'odit',4,'2002-02-09 08:48:29'),(119,104,2,'architecto',16463,'1974-11-30 20:00:25'),(120,23,4,'et',3960,'1977-09-02 17:16:49'),(121,23,1,'et',64699771,'1971-07-13 06:34:26'),(122,133,3,'aut',0,'1994-01-25 00:21:16'),(123,135,2,'ducimus',3488161,'1971-05-12 16:40:32'),(124,98,4,'quasi',5,'1997-10-17 06:25:04'),(125,13,1,'adipisci',0,'2004-04-23 07:27:35'),(126,57,4,'suscipit',5,'1999-06-23 12:17:14'),(127,17,1,'atque',546,'1975-06-13 08:57:53'),(128,104,1,'beatae',43100,'2005-01-26 11:41:29'),(129,109,3,'quisquam',62,'1999-01-02 05:33:54'),(130,70,1,'qui',177,'2018-03-30 14:16:32'),(131,45,2,'quaerat',22,'1986-04-13 01:41:40'),(132,31,4,'dolore',4523559,'2018-08-05 05:03:14'),(133,47,4,'velit',0,'1985-03-23 22:49:40'),(134,18,4,'officiis',79332,'1995-05-23 13:19:12'),(135,49,2,'minus',77491,'2007-10-21 14:49:18'),(136,128,2,'repudiandae',387,'1977-12-04 18:37:54'),(137,41,3,'et',464290236,'1987-09-23 18:18:17'),(138,33,1,'adipisci',739,'1972-05-19 15:38:48'),(139,15,4,'excepturi',3991,'1985-12-21 14:19:45'),(140,16,1,'ut',4212,'2005-05-01 19:47:38'),(141,17,2,'enim',481218931,'2001-03-11 23:37:31'),(142,142,1,'expedita',2776,'1984-09-05 16:49:29'),(143,79,3,'consectetur',2512,'1980-01-05 13:46:49'),(144,65,1,'dolore',5,'1998-03-07 19:52:42'),(145,41,4,'praesentium',25918,'1979-04-21 13:12:40'),(146,65,3,'sed',7305,'1972-12-28 14:36:38'),(147,53,3,'ut',9328678,'1989-04-12 22:20:38'),(148,57,3,'qui',801459,'1975-05-14 18:01:34'),(149,72,2,'et',7853583,'2000-07-15 09:47:20'),(150,99,4,'minima',0,'1991-12-25 02:51:21'),(151,114,3,'quisquam',59,'1985-11-04 11:42:06'),(152,42,1,'voluptatem',300492458,'2014-01-22 08:48:59'),(153,38,2,'maxime',5150344,'1987-09-17 17:56:52'),(154,29,2,'mollitia',96206,'1986-09-12 11:37:45'),(155,55,2,'fugiat',0,'2014-08-06 20:57:13'),(156,79,2,'rem',83266307,'1988-05-29 06:58:00'),(157,116,2,'fugiat',3706672,'1997-06-25 08:08:44'),(158,104,2,'nostrum',88566599,'2019-08-21 12:27:22'),(159,15,1,'modi',769,'1993-01-08 16:59:52'),(160,81,2,'consequuntur',8,'1972-12-10 23:52:49'),(161,3,4,'fugiat',452785,'1982-01-29 23:57:44'),(162,139,2,'exercitationem',351989,'2009-07-08 12:52:36'),(163,91,2,'corrupti',276,'1990-02-03 22:59:11'),(164,4,1,'exercitationem',226032223,'2010-06-12 14:44:53'),(165,120,3,'adipisci',18,'1989-08-10 12:25:12'),(166,131,3,'iure',2,'2006-05-02 03:49:21'),(167,29,1,'ex',952746158,'2007-09-15 03:51:17'),(168,86,2,'cumque',6725142,'1991-06-28 11:36:49'),(169,97,4,'corrupti',342,'1982-12-14 17:41:19'),(170,118,1,'quisquam',7,'1998-01-21 13:13:07'),(171,8,2,'non',0,'1970-08-18 08:35:40'),(172,72,4,'numquam',586922729,'2003-10-30 16:27:45'),(173,116,1,'neque',0,'1987-02-27 09:08:28'),(174,18,4,'officia',53,'2020-11-04 14:30:50'),(175,44,3,'occaecati',659128,'2017-05-16 22:08:49'),(176,34,2,'beatae',380077,'1981-05-29 08:58:30'),(177,95,1,'velit',88,'1989-09-10 22:25:17'),(178,102,1,'voluptas',8440048,'1977-04-26 22:44:52'),(179,68,3,'corrupti',0,'1989-10-07 19:53:59'),(180,46,1,'inventore',0,'2009-09-17 08:25:32'),(181,58,1,'distinctio',7941,'2013-06-12 10:38:17'),(182,119,3,'rem',88,'1990-05-13 20:02:40'),(183,49,2,'minima',7756306,'1990-11-09 18:48:22'),(184,3,4,'consequatur',7760225,'1980-06-02 19:46:34'),(185,19,4,'est',47,'2001-09-11 11:16:35'),(186,146,1,'magnam',4018343,'2002-12-07 17:55:54'),(187,17,2,'voluptas',25,'2015-03-24 07:40:35'),(188,1,4,'voluptate',7758,'1982-12-15 12:26:18'),(189,93,1,'ab',0,'2001-09-11 02:37:21'),(190,111,4,'ea',56276,'2018-03-05 01:39:55'),(191,117,4,'eum',32,'1995-04-30 06:48:49'),(192,34,2,'ut',5,'2008-08-27 21:55:46'),(193,17,4,'nihil',619587059,'2019-07-30 09:38:44'),(194,96,3,'rerum',925,'2004-05-29 21:16:47'),(195,90,4,'amet',3,'1985-04-11 14:06:34'),(196,121,4,'ullam',651532146,'1983-11-09 23:07:34'),(197,18,3,'quo',97,'2015-11-05 17:55:04'),(198,83,2,'libero',2978,'2000-11-18 19:25:48'),(199,145,3,'nihil',4,'1999-09-23 18:27:04'),(200,61,1,'non',94228896,'1998-08-17 17:25:25');
/*!40000 ALTER TABLE `media` ENABLE KEYS */;
UNLOCK TABLES;

--
-- Table structure for table `media_types`
--

DROP TABLE IF EXISTS `media_types`;
/*!40101 SET @saved_cs_client     = @@character_set_client */;
/*!50503 SET character_set_client = utf8mb4 */;
CREATE TABLE `media_types` (
  `id` int unsigned NOT NULL AUTO_INCREMENT,
  `name` varchar(45) NOT NULL,
  PRIMARY KEY (`id`),
  UNIQUE KEY `name` (`name`)
) ENGINE=InnoDB AUTO_INCREMENT=5 DEFAULT CHARSET=utf8mb4 COLLATE=utf8mb4_0900_ai_ci;
/*!40101 SET character_set_client = @saved_cs_client */;

--
-- Dumping data for table `media_types`
--

LOCK TABLES `media_types` WRITE;
/*!40000 ALTER TABLE `media_types` DISABLE KEYS */;
INSERT INTO `media_types` VALUES (4,'aliquam'),(3,'harum'),(1,'in'),(2,'qui');
/*!40000 ALTER TABLE `media_types` ENABLE KEYS */;
UNLOCK TABLES;

--
-- Table structure for table `messages`
--

DROP TABLE IF EXISTS `messages`;
/*!40101 SET @saved_cs_client     = @@character_set_client */;
/*!50503 SET character_set_client = utf8mb4 */;
CREATE TABLE `messages` (
  `id` bigint unsigned NOT NULL AUTO_INCREMENT,
  `from_user_id` bigint unsigned NOT NULL,
  `to_user_id` bigint unsigned NOT NULL,
  `txt` text NOT NULL,
  `is_delivered` tinyint(1) DEFAULT '0',
  `created_at` datetime NOT NULL DEFAULT CURRENT_TIMESTAMP,
  `update_at` datetime DEFAULT NULL ON UPDATE CURRENT_TIMESTAMP,
  PRIMARY KEY (`id`),
  KEY `fk_messages_from_user_idx` (`from_user_id`),
  KEY `fk_messages_to_user_idx` (`to_user_id`),
  CONSTRAINT `fk_messages_users_1` FOREIGN KEY (`from_user_id`) REFERENCES `users` (`id`),
  CONSTRAINT `fk_messages_users_2` FOREIGN KEY (`to_user_id`) REFERENCES `users` (`id`)
) ENGINE=InnoDB AUTO_INCREMENT=101 DEFAULT CHARSET=utf8mb4 COLLATE=utf8mb4_0900_ai_ci;
/*!40101 SET character_set_client = @saved_cs_client */;

--
-- Dumping data for table `messages`
--

LOCK TABLES `messages` WRITE;
/*!40000 ALTER TABLE `messages` DISABLE KEYS */;
INSERT INTO `messages` VALUES (1,54,128,'Vitae unde enim id porro illum et rem sit. Molestias quod atque cum optio quod sed. Voluptas dolor est quasi et. Dolorum sed architecto ut aperiam ut quo voluptatem. Et dicta in nesciunt numquam sunt vel.',0,'2002-11-06 03:31:29','1981-05-07 01:34:53'),(2,76,24,'Laboriosam quia sed nulla placeat molestias eligendi quam. Quae blanditiis quia explicabo nihil similique illo eos. Quae quia alias veritatis laboriosam neque blanditiis est voluptatem.',1,'1983-12-16 04:10:35','1987-02-20 22:27:55'),(3,118,47,'Maxime excepturi enim ut non est. Sit placeat voluptatem praesentium id numquam nemo et. Earum nihil molestias officiis quaerat ullam dolor. Sint non placeat perspiciatis accusamus repellendus nobis.',0,'1991-02-05 09:07:18','1980-08-09 06:08:42'),(4,8,4,'Laboriosam dignissimos quia aut eum ab et et. Ad dolorem numquam reiciendis quasi fuga. Voluptatem libero quaerat laudantium ab placeat. Quia et eligendi qui sed animi recusandae. Asperiores delectus qui voluptatibus.',0,'1973-05-04 01:08:07','1992-08-20 15:29:26'),(5,13,7,'Esse ratione ipsum ut sint incidunt et voluptates. Sapiente voluptas eveniet similique tempora et et. Doloremque deleniti repellat iste mollitia amet aliquam. Enim molestiae suscipit tempora totam omnis.',1,'1982-04-01 10:20:55','1981-05-15 03:15:31'),(6,62,24,'Dolore nemo voluptatem laborum nihil exercitationem sed reiciendis. Quia ut molestiae et ut officiis quos quasi nulla. Aliquam ut velit et temporibus sed velit at.',0,'2006-07-09 05:20:21','2000-08-08 05:26:26'),(7,135,136,'Dolorum aut et neque veniam. Quia magnam nulla nam qui dolorem. Magnam porro provident omnis. Quasi sed vitae inventore tempora saepe.',0,'1990-09-14 14:14:44','1987-02-20 13:19:39'),(8,140,83,'Sed officia repudiandae ullam in. Maiores dignissimos voluptatem vitae distinctio blanditiis earum. Et excepturi molestias dolorem ratione consequatur. Aut recusandae modi molestiae.',1,'1973-10-08 17:26:10','2018-09-27 21:27:52'),(9,68,30,'Harum sed voluptate enim et rerum. Cupiditate inventore illo delectus eius. Repudiandae atque quisquam ipsam dignissimos fugit fugiat.',1,'1990-09-27 15:54:32','1982-11-03 12:28:06'),(10,18,16,'Iusto ut velit quaerat labore perferendis. Consequuntur ex magni aut iusto veritatis aut praesentium. Minus error modi voluptas minima perferendis expedita. Ipsum debitis et eius earum odit dolores recusandae beatae.',0,'1992-02-24 04:45:59','2004-05-01 23:04:33'),(11,68,20,'Repellat repellat fugit velit hic. Quis illo ipsam placeat qui voluptate sapiente. Saepe ut expedita error.',1,'2020-04-11 23:50:35','1976-07-10 20:28:56'),(12,89,52,'Corrupti minima animi atque ut aut placeat quas quia. Est dignissimos repellat quia distinctio. Sapiente et voluptatem architecto aut molestiae. Consequatur quia necessitatibus et et ut assumenda ducimus.',1,'1971-08-14 12:12:08','1977-12-27 08:40:27'),(13,25,107,'Numquam cumque amet tempora cupiditate ipsam. Repudiandae harum qui laborum temporibus. Cupiditate magnam debitis voluptatem vel sapiente.',1,'1986-12-24 10:26:13','1995-10-04 00:19:05'),(14,62,104,'Dolor cum quasi dignissimos occaecati quia sint autem. At totam ipsa ad et quos.',1,'2014-10-30 04:18:27','1985-10-08 17:11:41'),(15,143,110,'Eligendi sit ab eum quibusdam hic. Dignissimos quis mollitia magnam doloremque ea quasi. Hic fugit illo reiciendis laudantium.',0,'2005-02-10 09:43:31','2002-08-03 06:37:23'),(16,99,47,'Iure sed labore voluptatum blanditiis rerum. Autem necessitatibus nulla velit vel omnis est voluptatem. Et et minima ut et vel dolore sint. Consequatur nihil saepe nesciunt culpa inventore voluptas.',1,'1993-11-10 09:55:39','2011-06-22 08:31:57'),(17,88,24,'Fugiat sit quo est beatae dolor. Possimus consequatur similique commodi itaque sed. Sapiente et accusamus qui aliquam nihil dolor. Cumque animi qui in ad. Aut quos soluta in voluptatibus fugit sint dolores.',1,'2001-01-12 15:44:03','1997-11-17 00:41:30'),(18,70,55,'Similique et qui est ut dolor. Voluptates dicta dicta impedit cumque. Magni mollitia eum rem.',1,'2021-07-11 01:51:50','2014-06-04 21:17:04'),(19,70,77,'Quia modi itaque in. Veniam ex et voluptatum quia. Adipisci consequatur molestias iure itaque tempore facere.',0,'1971-09-11 14:47:54','1995-07-17 22:27:49'),(20,58,83,'Et et eum quam et iusto. Eius fuga possimus in. Explicabo animi similique reprehenderit minus. Qui ea accusamus aut quo quia cumque adipisci reiciendis.',1,'1976-03-15 07:26:56','1988-02-06 16:55:36'),(21,84,120,'Nisi itaque qui distinctio fuga atque. Voluptatem mollitia pariatur at labore qui ut laudantium rerum.',1,'1998-10-03 20:35:36','1973-04-18 10:07:39'),(22,106,68,'Architecto consequatur voluptatibus possimus id quo. Autem est blanditiis necessitatibus at sit.',0,'1987-05-23 04:16:43','1988-11-13 13:49:54'),(23,105,96,'Consequatur consequatur laboriosam sit est. Maxime illum enim omnis aspernatur. Corporis quia provident et ea voluptatem ipsam eum. Et rerum saepe quibusdam commodi eveniet esse laborum sed.',0,'1978-04-10 12:15:30','1998-01-04 14:32:30'),(24,150,23,'Ab nisi eos neque aut est cumque voluptatem ad. Quae et et eos. Officiis id voluptatem in beatae qui perspiciatis. Distinctio est illo eligendi molestiae voluptate et culpa laudantium.',0,'2007-01-07 07:55:24','1985-09-12 19:17:31'),(25,125,18,'Sapiente et sit voluptate nulla voluptatem sapiente maiores. Rerum repudiandae fugiat nostrum debitis ea. Placeat maiores dolores aut ut facere ipsum odio.',0,'2006-09-09 09:46:20','1995-05-06 02:28:28'),(26,38,43,'Perferendis laborum voluptates reprehenderit et nobis amet. Laborum aut dolorem delectus aliquam et qui adipisci velit. Aliquam delectus doloremque rem iste. Accusamus incidunt officiis est quasi.',1,'1975-11-18 08:45:47','2018-08-30 00:08:46'),(27,37,127,'Consequuntur aliquam veritatis assumenda dolor rerum. Ut pariatur odit consequatur laborum fugit quas quidem. Voluptas assumenda sit placeat aspernatur.',0,'1980-05-04 20:51:03','1989-08-28 21:14:56'),(28,95,62,'Sit laboriosam necessitatibus earum et quis. Sed vel nisi assumenda. Ratione aut qui eveniet ut laudantium ut.',0,'2001-04-06 23:32:20','2001-12-31 19:44:27'),(29,84,6,'Vel est ex ipsa omnis voluptate nam vel. Accusantium ut vitae voluptatum voluptatem dolorem est sapiente. Exercitationem qui ab amet ut molestiae delectus tempore qui.',0,'2000-03-09 10:44:09','2017-06-16 04:20:01'),(30,15,77,'Molestiae debitis consequatur enim facilis et. Corrupti eum pariatur odio. Est quod sit iste delectus optio aliquam explicabo est. Rerum ut culpa ut autem.',1,'2003-02-08 10:35:23','1978-04-20 13:06:44'),(31,116,114,'Et iure vero placeat. Sint sed sit porro ipsam nesciunt dignissimos a voluptas. Non velit blanditiis a nobis.',0,'2008-10-13 22:48:47','2013-09-18 16:26:17'),(32,123,54,'Iure dolore voluptatem illum ea laborum ea non. Quisquam quo minima error modi vel repudiandae molestias. Dolor fugit voluptatum perspiciatis quas.',0,'2010-05-05 03:57:14','1982-02-05 10:09:01'),(33,138,42,'Necessitatibus officiis impedit quis. Qui nihil et natus perspiciatis laudantium. Labore labore quisquam officiis rerum est.',0,'1972-05-08 13:51:00','2001-04-15 18:48:00'),(34,108,58,'Voluptas et magni quasi reprehenderit reiciendis omnis. Earum debitis et soluta distinctio. Iste eius aut quasi. Rerum officia quia reiciendis laboriosam aut culpa. Autem pariatur vitae laborum assumenda aliquam.',0,'1977-07-15 18:48:12','1992-05-05 23:38:09'),(35,119,16,'Qui placeat tempore inventore necessitatibus perferendis voluptatem molestias. Temporibus rerum culpa ad. Hic consectetur autem et magni. Voluptatem ratione velit qui debitis neque.',0,'2012-08-09 06:56:48','1974-11-04 13:51:38'),(36,140,52,'Et ratione expedita aperiam enim. Quis beatae voluptatem qui est exercitationem molestias iusto eius. Aut vero quod aliquid optio voluptatem. Molestiae quo sed velit quia fugiat porro. Maiores vel quia aspernatur ullam eius rerum quisquam cupiditate.',0,'2016-06-10 01:12:18','1984-10-13 19:07:20'),(37,136,96,'Ut nobis excepturi temporibus quo eveniet. Sint dolorem nihil inventore aut vitae in. Est necessitatibus et voluptates aut.',0,'1974-02-14 04:49:46','1996-07-31 18:12:21'),(38,120,91,'Corrupti doloribus eius beatae reiciendis labore tempore cum. Accusamus perferendis deleniti sed praesentium eligendi magni. Dicta eveniet autem consectetur sunt.',0,'1991-02-11 18:05:14','2020-01-02 00:54:10'),(39,41,119,'Voluptatem repudiandae facilis optio quo aut quia. Blanditiis et quis est ea dolorem a et molestiae. Rerum dolorem hic nam accusantium ducimus. Eum molestiae itaque laudantium.',1,'2020-03-16 14:35:03','1987-08-28 13:03:03'),(40,114,16,'Provident voluptatibus velit cupiditate. Magnam alias iusto consequatur perferendis deleniti. Laboriosam porro quia qui voluptatem excepturi molestiae excepturi omnis. Occaecati quas soluta vero.',0,'1971-03-19 00:25:47','1989-02-18 15:16:27'),(41,137,1,'Quasi nobis dolor consequuntur dicta qui et voluptas. Est repudiandae praesentium velit. Cumque rerum explicabo impedit ipsum possimus.',0,'1983-01-23 10:51:48','1986-09-14 13:46:45'),(42,59,24,'Ut nam a non animi illum possimus ullam. Tempore similique sapiente est autem adipisci. Animi sequi velit rerum eligendi nemo rerum aut. Possimus neque vel ea consequatur doloribus sunt pariatur odio.',1,'1993-05-15 18:36:29','1987-11-04 06:41:57'),(43,128,3,'Iusto recusandae animi laborum dolores ut natus in voluptatum. Velit voluptate sed qui. Ullam dolorum eligendi molestias animi aut optio.',1,'2003-05-17 22:26:42','2008-11-27 16:47:25'),(44,85,62,'Id quo dolores cupiditate atque rerum. Modi saepe ea quia unde cupiditate. Labore voluptatem at maxime. At nobis reiciendis tenetur quisquam iste minima esse.',0,'1996-11-04 20:11:54','1982-03-31 10:19:11'),(45,9,100,'Doloribus architecto enim atque sed. Explicabo perferendis provident voluptatum et qui voluptatem. Quos blanditiis quos assumenda non vitae.',0,'2017-07-08 06:47:26','1999-12-26 09:16:45'),(46,138,124,'Qui voluptatem quia soluta modi blanditiis. Impedit nobis et voluptas omnis sed et sunt.',1,'2013-12-26 22:22:50','1970-09-27 23:31:57'),(47,63,110,'Nulla ullam delectus totam animi autem nihil neque quis. Vero blanditiis sed itaque. Corrupti doloribus a ea. Quis et inventore ad dolor.',1,'1993-09-15 07:41:21','1974-03-07 12:18:21'),(48,27,51,'Et est in totam odio. Excepturi nihil voluptas eos ipsam sunt. Veritatis dolorem facilis qui cum magni. Nobis enim illo aliquid.',0,'1973-02-07 13:39:20','2020-01-04 07:53:03'),(49,2,135,'Dolore officia expedita et eligendi mollitia. Accusantium dolor inventore asperiores et ipsam ducimus. Molestiae blanditiis non quod ut assumenda sed sit. Quia neque qui qui tempore expedita.',0,'1979-03-27 07:43:40','1980-10-28 00:40:14'),(50,108,120,'In occaecati aliquam odit nam accusantium sed. Asperiores ut nobis alias libero quia ut. Officiis nesciunt ex et natus culpa est quia minima.',0,'2013-05-10 08:08:39','1976-06-07 19:43:34'),(51,1,97,'Rem animi non placeat non et excepturi voluptatem. Enim iusto quaerat fuga fugit et qui. Facere soluta rerum aliquam vel eligendi minus.',1,'1996-01-02 02:05:09','1999-03-18 02:40:50'),(52,22,137,'Dolorem officiis velit molestiae aut aut. Deleniti mollitia doloremque qui animi quia. Debitis blanditiis autem incidunt maiores temporibus ab. Labore qui ad ut incidunt ut nihil quia.',1,'2007-01-21 01:44:19','1991-03-08 11:29:19'),(53,42,141,'Rem molestiae modi eos omnis soluta corporis. Maiores ex est est et. Ut quaerat qui suscipit ad facere optio voluptatem.',0,'2011-05-21 07:49:42','1995-05-08 15:48:04'),(54,77,83,'Aut doloremque exercitationem quod sint et. Beatae aperiam laboriosam et atque et.',0,'1995-10-13 23:51:25','1990-08-12 19:24:01'),(55,110,40,'Saepe at qui molestiae aut ratione exercitationem porro. Consequuntur enim earum minus exercitationem. Et est ullam nobis corrupti.',1,'1990-02-07 21:46:00','1986-02-25 19:39:35'),(56,98,96,'Optio delectus consectetur eligendi voluptas molestias est quos. Expedita delectus voluptatibus sit asperiores. Doloribus ipsum cum nisi est.',1,'1991-08-19 20:56:50','1988-09-24 10:46:23'),(57,41,6,'Et tempore in at ea sit praesentium. Iure libero illo velit consequuntur omnis qui. Eveniet ad aut dolor ut esse.',1,'2008-03-17 04:37:29','1992-08-18 19:52:46'),(58,119,19,'Velit et velit rerum quidem. Aut et eos consequatur asperiores sunt ut necessitatibus et. Nisi nesciunt quia et tenetur delectus consequatur in. In unde ut ullam veniam aspernatur est dolorum molestiae.',0,'2003-03-30 23:28:54','2013-11-24 12:42:37'),(59,8,53,'Voluptatem esse aspernatur et in veritatis. Quas sapiente soluta non vero minus.',1,'1976-12-10 17:06:08','2006-04-14 02:04:49'),(60,80,17,'Sequi fugiat laborum earum voluptatibus consectetur dignissimos. Tempore sint architecto et culpa natus in. Qui reiciendis commodi rerum sit nobis. Ea ipsam quis eos beatae ut.',1,'1991-05-27 12:00:08','1991-12-25 02:01:18'),(61,3,67,'Asperiores et quasi dolorem sunt. Quisquam quia quisquam eum ut hic eius sint. Illo molestiae culpa omnis numquam ad.',1,'1993-12-30 00:57:56','1991-01-23 13:04:05'),(62,140,66,'Alias laudantium ut veniam occaecati ipsam nemo exercitationem. Sit eos et inventore laudantium. Impedit perferendis sit nemo consequatur. Rem hic quo quidem corrupti voluptatem quia.',1,'2002-08-14 21:08:44','2012-12-22 04:15:50'),(63,27,17,'Esse quidem voluptate fuga doloribus dolores porro officiis. In qui provident consectetur voluptatem suscipit modi. Id dolor nesciunt aut esse.',1,'2018-08-12 07:36:25','1999-03-13 19:11:49'),(64,116,28,'Ea praesentium eos tempore et asperiores temporibus. Sunt quibusdam et ut dolorem quia ducimus.',1,'2000-08-10 02:15:41','2012-12-12 13:23:24'),(65,2,74,'Ut quos est dolor commodi numquam placeat dolorem. Eveniet nemo tenetur officiis suscipit. Animi fugit similique fugiat omnis necessitatibus quaerat et. Qui est sed cupiditate quod iure quam. Illo aut odio id vitae unde.',1,'2001-04-12 04:39:20','1994-09-30 16:51:39'),(66,148,3,'Nihil rerum voluptas dolorum sit voluptas sed. Ducimus et nisi quia ipsa qui. Beatae perferendis quas nihil amet. Vel odit maxime est illo qui aut ut.',0,'2011-11-25 11:36:22','2010-03-02 11:06:59'),(67,20,19,'Commodi eum nobis qui placeat quis. Quae at iste aspernatur tempore voluptatem. Consequatur officiis temporibus saepe laboriosam consequatur sit. Dolor officia sunt rerum laboriosam.',1,'1970-04-22 05:34:00','1997-03-20 12:48:20'),(68,139,62,'Aut expedita quis ratione quia veniam itaque. Quaerat quaerat id quis. Et non dignissimos voluptate nihil.',0,'1987-12-26 22:39:32','2004-04-16 14:12:26'),(69,9,66,'Omnis et voluptatem quas consequuntur omnis quidem. Et molestias natus enim dignissimos non quia.',1,'1980-07-09 14:21:44','2015-08-11 14:27:04'),(70,145,118,'Aut quam earum a harum est. Asperiores ut fugiat sit ea. Dolores illo quia voluptatibus eligendi reiciendis.',1,'2007-09-02 19:39:26','1984-02-08 13:34:29'),(71,105,93,'Sit ex quasi inventore aut praesentium consequuntur. Dolores autem eaque atque. Et fuga voluptatem amet nihil et sit.',0,'1996-11-02 07:21:44','2010-01-06 09:20:06'),(72,63,146,'Exercitationem ut omnis et excepturi. Fuga repellat facere necessitatibus eligendi incidunt. Harum perferendis ipsam tempora.',0,'1981-01-02 23:18:10','2011-07-27 00:51:20'),(73,98,31,'Doloremque voluptatem sed sunt. Sit rerum quo rerum recusandae cumque. Nulla quis quis vitae repellat earum quis.',0,'2011-03-12 05:09:13','1978-03-31 11:42:06'),(74,14,106,'Sed sapiente minima possimus id labore id corrupti. Tempore inventore et rerum et voluptatum. Laboriosam omnis consequatur voluptas in dolor voluptatibus praesentium.',0,'1972-11-28 17:37:07','2003-06-26 03:19:07'),(75,84,93,'Voluptatem est laudantium error et inventore sapiente. Animi maiores qui aut sit. Nemo vel praesentium sit ipsum.',1,'2014-04-07 05:54:03','2006-01-04 02:21:19'),(76,123,86,'Rerum nam rerum porro fuga ut ea eos earum. In ut sit est maiores omnis. Odit sint est ratione labore non. Rerum vero voluptatem omnis et.',0,'2010-09-26 01:55:09','1984-08-12 07:19:54'),(77,10,112,'Excepturi deserunt ut tempora rerum saepe veritatis amet cupiditate. Suscipit mollitia assumenda quis beatae et nam debitis. Tempore quia aliquam sunt nesciunt minus. Magnam est laudantium qui aliquam iure quisquam rerum ut.',0,'1993-10-02 09:01:20','2020-10-12 15:05:45'),(78,1,36,'Eius cumque dolor aut et occaecati distinctio. Ut sit quia vel. Molestias quisquam ea nesciunt in praesentium voluptatibus quia.',1,'2005-04-03 13:05:11','1982-08-06 06:28:29'),(79,129,117,'Veniam quae doloribus dolores. Rerum ut esse quia dicta enim voluptatem in et. Voluptatum illum neque et blanditiis aut rerum eum. Voluptatibus necessitatibus ut illum.',1,'1987-03-28 07:35:05','1991-04-02 20:57:32'),(80,64,131,'Sint expedita odio ullam omnis et accusantium at. Omnis aliquid inventore impedit tenetur aliquam necessitatibus. Facilis praesentium esse consequatur iste perspiciatis. Aut quis vel dolores iure est molestiae et unde.',1,'1997-12-11 05:41:14','1997-09-29 05:39:34'),(81,40,61,'Similique a nam molestiae id nesciunt debitis maiores. Quibusdam saepe nostrum autem reiciendis. At dicta quis eveniet error commodi id dolorem. Quibusdam nam porro ullam blanditiis quos et sapiente. Deleniti mollitia quos ad ipsa.',0,'2002-10-07 21:47:53','2007-06-27 18:41:15'),(82,133,60,'Voluptate officia occaecati aspernatur impedit. Consequatur velit praesentium sed possimus tenetur qui eos.',1,'1974-02-13 08:04:52','2002-01-14 12:02:35'),(83,79,122,'Doloremque dolorem provident ducimus quas. Incidunt omnis sunt aliquid aliquid omnis esse.',0,'2013-02-19 18:40:09','1974-05-16 11:33:01'),(84,121,87,'Et fugit corporis voluptas aspernatur. Autem expedita placeat sint modi dolor. Ducimus consequatur iusto sunt id deleniti. Et est aut dolor reiciendis laborum tempore.',0,'1988-07-09 01:23:08','2016-09-02 23:13:28'),(85,37,116,'Quidem ab adipisci ducimus sapiente. Quo culpa et accusantium rerum placeat explicabo aut. Iste quaerat in quia non.',1,'2004-04-08 23:43:48','1980-08-17 04:32:58'),(86,55,141,'Magnam pariatur ea doloribus omnis quaerat. Ipsam sapiente quaerat animi animi qui deleniti odio. Laudantium quis nulla est quod.',0,'1978-12-31 21:25:30','1995-04-20 21:25:37'),(87,58,117,'Ducimus illo ut pariatur sed iusto rem nam illo. Reprehenderit reprehenderit cupiditate libero necessitatibus qui error itaque fuga. Delectus possimus qui harum soluta sunt voluptatem officiis cupiditate.',0,'1984-12-06 09:45:05','1993-11-28 21:53:04'),(88,137,6,'Iure exercitationem totam odio ut eligendi. Dolores autem qui dolorum voluptatibus. Illo in labore vero. Minima eum optio ipsam voluptas.',0,'2021-01-07 20:57:00','1971-11-13 13:41:30'),(89,148,150,'Qui et rerum atque neque. Eos laudantium consequuntur autem recusandae. Molestiae perspiciatis nemo consequuntur qui.',0,'2014-07-29 19:04:08','2019-10-25 20:49:12'),(90,112,81,'Occaecati similique sint sit sit ut. Dolor dignissimos maxime tenetur tempora autem qui voluptatibus.',0,'1973-08-16 00:38:33','1987-05-17 17:29:53'),(91,93,84,'Quia rerum nesciunt in aliquam sapiente rerum. Aliquam et rem reiciendis qui. Perferendis totam nesciunt in voluptatem quia. Sed debitis in dolores praesentium omnis quos.',1,'2011-06-12 13:04:02','2009-06-26 00:56:37'),(92,17,102,'Quia illum eum quis molestiae rerum cupiditate. Et repudiandae repellendus repellendus delectus quidem nihil et. Doloribus ipsam cupiditate omnis qui. Natus quos blanditiis dolorem exercitationem recusandae.',1,'1986-09-16 06:56:19','1976-07-04 17:12:15'),(93,46,18,'Odit dolore repudiandae earum maxime minus temporibus iusto laborum. Iusto nam est nemo assumenda. Nemo quidem esse voluptatem accusantium consequatur natus corrupti suscipit. Laboriosam eaque aliquid ipsam beatae vitae eius.',0,'1989-07-16 19:29:29','1975-03-05 04:53:35'),(94,138,24,'Ut consectetur reiciendis aspernatur aut soluta quis. Omnis dolore dolor ad sed. Voluptate aut quibusdam perspiciatis. Maiores aut hic amet dolores. Laudantium quas eveniet animi a incidunt qui perspiciatis.',0,'2011-08-07 11:36:10','2016-08-18 08:40:36'),(95,134,51,'Eveniet deserunt et enim assumenda quis delectus non. Quos facilis et eos assumenda nemo ut et atque. Numquam aut omnis neque velit asperiores blanditiis repellendus.',1,'2016-09-13 17:37:21','2002-05-31 08:11:32'),(96,5,23,'Mollitia in voluptas non maiores voluptatem fugiat. Asperiores at voluptas similique. Magni quos maiores exercitationem dolore consequatur iusto assumenda omnis.',0,'2015-10-05 10:23:13','2011-05-08 03:24:02'),(97,111,137,'Explicabo accusamus odio qui vel omnis. Hic sequi ut at magnam maxime veniam. A sunt occaecati vel nihil. Dicta consequuntur voluptas adipisci eaque id ad.',0,'1981-08-29 11:00:54','1985-05-22 20:25:51'),(98,82,39,'Eius aliquam consequatur aspernatur doloribus neque. Dolorem sed nostrum nihil ipsa non voluptas. Et quisquam iusto dolor voluptatibus rerum vitae recusandae. Nisi eius nemo quo error sit distinctio.',1,'2019-06-10 16:51:10','1974-04-11 13:50:36'),(99,108,53,'Dolorem illo facere facere. Quas ad rerum quia velit. At autem praesentium vel iure.',1,'2019-06-09 17:14:22','1975-12-07 05:34:25'),(100,126,145,'Ipsa quibusdam in animi vel vel doloribus. Accusantium laborum non voluptatem aut debitis. Eveniet et quo enim. Error non vel reprehenderit qui eos molestias.',0,'2010-11-01 07:41:08','2005-01-30 04:31:49');
/*!40000 ALTER TABLE `messages` ENABLE KEYS */;
UNLOCK TABLES;

--
-- Table structure for table `posts`
--

DROP TABLE IF EXISTS `posts`;
/*!40101 SET @saved_cs_client     = @@character_set_client */;
/*!50503 SET character_set_client = utf8mb4 */;
CREATE TABLE `posts` (
  `id` bigint unsigned NOT NULL AUTO_INCREMENT,
  `user_id` bigint unsigned NOT NULL,
  `txt` text NOT NULL,
  `created_at` datetime DEFAULT CURRENT_TIMESTAMP,
  `updated_at` datetime DEFAULT NULL ON UPDATE CURRENT_TIMESTAMP,
  PRIMARY KEY (`id`),
  KEY `user_idx` (`user_id`),
  CONSTRAINT `user_posts_fk` FOREIGN KEY (`user_id`) REFERENCES `users` (`id`)
) ENGINE=InnoDB AUTO_INCREMENT=201 DEFAULT CHARSET=utf8mb4 COLLATE=utf8mb4_0900_ai_ci;
/*!40101 SET character_set_client = @saved_cs_client */;

--
-- Dumping data for table `posts`
--

LOCK TABLES `posts` WRITE;
/*!40000 ALTER TABLE `posts` DISABLE KEYS */;
INSERT INTO `posts` VALUES (1,57,'Ipsam ea eaque possimus accusantium nostrum non. Illo qui autem corporis eum ab sunt earum. Non assumenda nulla quis quia cum.','2014-04-16 07:49:30','2004-05-05 20:13:20'),(2,68,'Porro sequi itaque nihil dolores numquam id. Earum aperiam voluptas tempora nostrum autem accusantium in. Sit similique expedita maxime deserunt tempore id natus. Tempora qui impedit ut necessitatibus. Adipisci nostrum a voluptatem hic eum qui totam.','1971-01-05 06:36:51','2017-09-05 04:00:33'),(3,101,'Ut voluptatibus rem sit repudiandae accusamus blanditiis. Quo architecto fugiat ea dolores maiores quasi ex. Hic nobis corrupti aliquid magnam.','2006-09-04 14:13:07','2007-11-01 20:46:49'),(4,61,'Qui dolores commodi aut. Necessitatibus quae dignissimos occaecati velit repellat maiores officiis est. Dignissimos consequatur placeat ut.','1992-05-24 05:08:53','1979-02-10 04:27:22'),(5,1,'Inventore ut molestiae repellat qui fugit. Et corporis velit et nobis. Veniam itaque ut impedit dolorem eum expedita. Cumque ut natus quibusdam consequatur et consequatur autem. Dolorum nobis praesentium quasi molestiae.','1985-03-29 02:02:50','1972-04-22 20:21:19'),(6,99,'Voluptas iure officiis quis sapiente blanditiis. Possimus velit sapiente sint quo. Aut sequi vero veniam reiciendis laudantium sunt.','1981-01-24 23:01:53','1972-03-18 19:07:18'),(7,44,'Officia odit libero laboriosam voluptatum autem. Consequatur et qui qui beatae. Odio iste nostrum inventore.','1985-04-05 16:40:20','1992-03-12 18:26:13'),(8,126,'Assumenda dicta est perspiciatis natus eveniet dolores ut. In doloribus tenetur qui aut itaque. Eos dolorum corrupti consequuntur voluptatem explicabo.','1979-09-14 18:20:46','2014-11-23 00:14:53'),(9,86,'Adipisci dolore tempore laborum expedita iusto rerum repudiandae dolorem. Dolorem voluptate est dolorem molestiae. Libero quae provident ab iure quia. Voluptatem nostrum impedit laborum repellendus eligendi.','1973-09-02 20:26:20','1980-01-08 07:52:52'),(10,48,'Aliquid molestias quia dolores cum. Eum quisquam sed itaque minima ad. Tempore hic perferendis iure eum et.','1972-05-12 06:54:33','1980-04-23 17:55:42'),(11,100,'Veniam libero vel nemo voluptas. Sequi architecto recusandae rem ipsam fugiat numquam qui. Omnis in consequatur autem nihil voluptate explicabo sunt tenetur. Nihil aut est eius reiciendis.','2009-09-29 08:54:12','1990-12-01 10:58:55'),(12,58,'Ratione ab quisquam optio. Est qui officiis qui cupiditate provident earum culpa. Id corrupti dolor omnis quaerat perferendis totam ut.','1996-06-22 07:26:52','1993-07-22 05:18:02'),(13,114,'Recusandae explicabo et aperiam architecto aliquid. Officia dolorem quia aut sit eum. Debitis nemo quia ea. Facere eos similique sit est at voluptas. Dolore aut accusamus ea commodi sapiente.','1978-09-16 06:33:46','2011-04-23 05:17:29'),(14,71,'Praesentium et itaque laborum. Itaque nihil unde occaecati rem et. Consequatur inventore ratione explicabo sint cupiditate molestiae reprehenderit facere.','2004-12-03 19:30:37','2007-11-27 11:20:18'),(15,129,'Sint asperiores reprehenderit deserunt iusto et. Enim est id iure ipsum culpa saepe aut. Omnis repudiandae ut et fuga ut dolorem. Explicabo molestiae eos deleniti.','2007-11-20 07:03:44','1971-10-27 11:51:12'),(16,15,'Et voluptatem earum ipsum maxime et qui illo. Et quidem asperiores illo voluptatem voluptas soluta. Molestias est aut reiciendis labore eius omnis. Consequatur sapiente animi sed tempora aut veniam ut.','1999-09-22 21:26:25','1992-02-21 18:28:08'),(17,39,'Enim aperiam tempora et. Doloremque placeat maiores dolor beatae. Magnam quia nemo quo excepturi quia qui.','1998-03-19 15:53:04','2009-08-20 20:14:47'),(18,6,'Dolorum ad voluptatem labore sequi est incidunt. Omnis maxime et rem aut eum et sed. Fugiat vero distinctio non temporibus quis tempore.','1991-10-11 21:22:39','2007-01-03 18:59:45'),(19,45,'Reiciendis aut dolorum modi at accusantium blanditiis ea voluptas. Et similique a et in id. Est omnis in rerum commodi ipsam a delectus.','1993-05-27 15:35:37','2006-05-10 07:20:01'),(20,106,'Aperiam quod vitae odit quibusdam sed. Dolorum nihil est molestiae assumenda eum. Quod aliquam iure architecto hic. Aut quos dicta ut eum non pariatur.','1997-09-18 04:36:45','2002-11-10 22:30:17'),(21,39,'Doloribus aut et hic in enim iure dolor. Maiores illum dolores quo sit nesciunt repellendus nihil. Vel ratione fugiat dolore consectetur ratione odio. Quia laudantium est et odit ducimus sapiente dolorem.','1976-02-03 02:12:08','1977-10-18 21:41:41'),(22,41,'Dolores error iure quod sapiente sunt autem. Adipisci sequi sint rerum error ut laudantium autem. Aspernatur deserunt laborum iusto vel quas sit dolorem qui. Optio adipisci et possimus voluptatum. Error quos molestias velit soluta quos labore adipisci.','2012-01-27 23:55:47','2016-08-31 15:01:43'),(23,106,'Illum corrupti id et omnis mollitia occaecati ut incidunt. Nulla dignissimos et quia labore. Nam inventore beatae possimus quos sed.','2013-04-12 21:42:40','1979-10-30 01:19:05'),(24,117,'Nam sunt qui consequuntur sunt possimus consectetur. Voluptatem pariatur est officia blanditiis possimus dolor. Praesentium harum porro doloremque id eum et.','1986-06-11 07:17:18','2020-01-22 15:32:14'),(25,67,'Aut eius quaerat sint nemo porro consectetur ut. Quod similique a delectus molestias est ut. Sint consequatur ducimus at necessitatibus deserunt. A corrupti reprehenderit non quia numquam porro qui.','2011-04-09 17:13:29','2012-12-10 10:05:01'),(26,66,'Veniam dolorem delectus non enim qui dolor. Repellendus et illum aut aperiam perferendis qui. Officiis repudiandae harum consequuntur quia molestiae dolore fugiat. Ipsum consequuntur nostrum reiciendis quae sed est quia.','2014-08-02 02:12:58','1973-07-06 21:08:13'),(27,120,'Asperiores nisi voluptatem pariatur. Officiis assumenda enim beatae veritatis nam maiores nihil. Deserunt assumenda ducimus quia soluta officia et.','1992-08-20 18:00:43','1971-07-25 19:19:45'),(28,11,'Ut tempora voluptas eligendi velit. Assumenda aperiam eos ea sed unde rem laboriosam. Ipsa cupiditate omnis aut nobis ipsa earum unde.','1984-02-13 17:22:47','1987-06-03 03:56:03'),(29,141,'Quas dolorum eos expedita illo fugiat. Non eum pariatur dignissimos praesentium rem. Qui aperiam architecto in tenetur aut.','2012-11-14 17:45:40','1971-08-05 06:51:23'),(30,93,'Nesciunt ea iste ea autem culpa impedit earum. Repellendus dolores excepturi voluptatem dolores sed voluptatum. Tempore qui rerum repellendus quo rerum blanditiis.','1979-04-08 12:48:10','1979-07-10 13:36:55'),(31,71,'Aut cum est ullam velit est nihil optio. At illum quibusdam maxime autem et dolorum. Ex labore omnis tempora temporibus omnis aut.','2008-07-22 10:24:32','2003-10-21 10:47:35'),(32,47,'Pariatur provident voluptas aperiam qui aut est soluta. Et rerum dignissimos vero tempora ut architecto corrupti. Tempore aut et ut sed molestias cumque minus quod. In est consequatur quia alias nemo.','1982-03-14 21:37:14','1986-09-02 01:40:30'),(33,11,'Nihil rerum officiis velit recusandae praesentium in. Asperiores dolore et eius aliquam. Voluptas neque mollitia neque eos.','1994-09-13 05:27:25','1995-07-24 09:52:22'),(34,21,'Repellendus eum at maiores voluptas consequuntur distinctio assumenda. Et nesciunt architecto sit sint rem molestiae. Non voluptatem dolores natus ut et et eum. Ut voluptatem rerum quae.','1989-06-02 12:20:30','1995-03-03 02:33:21'),(35,108,'Debitis quod dolores eum quia accusamus molestiae et. Dolorem est debitis eligendi doloremque omnis labore. Et quo distinctio ipsa ratione sequi sit. Ipsam molestiae sed quia dolores.','2002-11-13 05:20:24','2020-04-22 06:49:44'),(36,11,'Voluptatem explicabo et nulla et quia. Ducimus cupiditate molestias dignissimos perspiciatis dignissimos est consequatur.','2012-10-22 03:38:01','1982-08-22 07:34:29'),(37,120,'Laudantium adipisci ut voluptatem doloribus ducimus. Ipsa aut totam eos et illum. Corporis minus beatae quos quasi magnam dolores incidunt. Hic tenetur eius minima et. Eligendi aliquam rerum dolor et quaerat porro ut.','1991-09-14 02:38:19','1977-02-26 05:48:08'),(38,1,'Iure sed aperiam distinctio pariatur in ullam. Accusantium ipsum non dolor fugit repellendus voluptatibus. Dolorem modi ipsa ipsa tenetur sit reiciendis. Nostrum eveniet est rem excepturi sequi voluptas.','1993-10-08 22:32:41','2009-11-30 05:45:04'),(39,137,'Quia aut eos sint sint. Facilis occaecati sit dolorum sed numquam alias est. Aperiam nihil eos eligendi enim laudantium laboriosam molestiae voluptatem. Aut voluptate nisi laudantium quia illo ipsa nihil.','1986-05-02 05:53:42','1971-07-26 10:11:16'),(40,55,'Dolores maiores atque qui sint est doloremque quod eos. Tempore non excepturi dolores reiciendis. Perferendis molestiae accusantium mollitia est. Fugiat quae temporibus iure blanditiis atque.','1971-03-02 09:18:40','1997-03-28 10:01:22'),(41,48,'Cupiditate accusantium cum quis eligendi voluptatem ut. Omnis praesentium magni illum cupiditate omnis quam. Aut natus id pariatur illo. Placeat doloremque tenetur cupiditate autem placeat voluptatem necessitatibus ab.','1975-09-14 14:12:35','2013-12-10 00:59:51'),(42,86,'Velit necessitatibus voluptatem rerum molestias nihil. Aliquid dicta optio voluptas animi corporis quam. Aliquid totam suscipit aperiam consequatur accusantium.','1971-04-23 13:45:47','1973-09-19 13:38:51'),(43,113,'Natus et quia velit qui architecto cumque. At quia sit unde temporibus. Aspernatur dignissimos id ut beatae omnis nam.','2021-05-31 00:13:58','1980-07-09 13:56:12'),(44,11,'Voluptatum est sit sunt et. Rerum voluptatum harum porro aliquid quia cumque. Molestias numquam in iste. Ea ullam voluptas saepe totam placeat exercitationem repudiandae. Iste rerum ea corporis qui dolorem.','1999-07-19 06:10:14','1990-12-28 23:25:30'),(45,7,'Delectus sed animi alias distinctio ea. Ut voluptatem ullam quod dolorem nisi.','2019-05-04 12:58:22','1987-12-13 12:58:04'),(46,92,'Voluptatum ipsum qui alias impedit dolorum. Porro et possimus excepturi incidunt corrupti soluta distinctio. Sint dolore asperiores ut deserunt qui earum. Pariatur vel cumque est et.','1970-12-18 18:27:51','1995-02-16 23:29:48'),(47,25,'Nemo aliquam qui consequatur ipsa. Optio natus explicabo sed. Nihil omnis ab aut est nam rerum temporibus.','1979-04-23 03:55:21','1970-06-08 03:47:42'),(48,45,'Saepe sit quidem nemo qui velit doloremque nostrum. Dolores eaque consequuntur quibusdam consequatur. Illo explicabo cumque est ratione illum dolor.','2004-08-26 11:15:48','1979-05-17 18:55:50'),(49,98,'Non commodi voluptas aut optio esse vitae aut ab. Eligendi et rerum et voluptas eius deserunt. Perspiciatis rerum numquam cupiditate.','2018-12-15 23:24:23','2019-03-30 14:31:14'),(50,69,'Facilis repellat architecto sed perferendis alias. Possimus commodi harum quibusdam vero quidem sequi. Ullam ut et maiores adipisci.','1984-05-14 07:46:09','1988-04-18 17:58:30'),(51,1,'Voluptas et tenetur qui et eum. Qui consectetur cupiditate eum ab nihil optio delectus sit. Reiciendis a nemo quis ut et.','2003-06-08 11:09:02','1976-09-11 17:02:44'),(52,136,'Deleniti et laborum quia quae saepe eligendi atque officiis. Veritatis fuga est laborum vero. Ipsam numquam voluptatum similique voluptas quae tenetur qui. Molestiae numquam fuga sunt sit maiores.','2004-07-19 12:42:38','2015-09-11 14:05:47'),(53,110,'Quod doloribus enim earum est non dignissimos voluptas consequuntur. Labore sint quidem illo praesentium cumque quod suscipit error.','2016-07-03 19:57:23','2019-01-03 07:37:01'),(54,107,'Natus a similique et quia quis. Laudantium eveniet nam reprehenderit quia itaque ut. Rerum hic et omnis. Suscipit voluptatum aperiam quibusdam id qui tempora ipsum. Assumenda ea dolor in numquam non et placeat iusto.','2004-04-27 22:52:49','1998-02-02 14:57:21'),(55,102,'Laudantium aliquam distinctio nulla consequatur. Est repellendus eaque magnam nisi et. Voluptas neque impedit similique natus. Quia consequatur eum dolore velit. Quisquam eos quis necessitatibus omnis debitis voluptatem.','1970-10-22 18:36:23','1973-11-12 16:17:15'),(56,26,'Eligendi est sunt ut corporis sit. Sit aspernatur reiciendis amet incidunt praesentium doloremque qui. Fuga amet et similique voluptatem vel error voluptatem voluptates. Est omnis error ut aliquid aspernatur.','2003-07-27 21:33:12','2014-12-21 05:37:12'),(57,22,'Aperiam officia possimus perspiciatis illum dolorem hic. Distinctio aut aut quo ratione dolore earum. Mollitia sunt fuga voluptas illo impedit et voluptatem eos. Quibusdam itaque alias molestiae tenetur.','1985-01-21 07:07:12','1990-10-23 09:46:44'),(58,72,'Distinctio aut cupiditate et possimus necessitatibus doloremque. Eos maxime in voluptatem cumque. Repellat praesentium et sed culpa. Vel ut ullam esse nihil.','2011-11-03 05:36:45','2006-08-19 22:55:53'),(59,37,'Ipsum quod vitae enim beatae porro optio. Vel asperiores voluptates suscipit magnam harum quia. Voluptas soluta asperiores nesciunt porro autem possimus dolores dolores. Quaerat eos qui doloremque commodi deleniti consequuntur in.','1981-08-25 22:08:59','2008-08-30 14:24:14'),(60,12,'Voluptas qui tempora error ducimus quaerat quam cum. Aut molestiae voluptatem voluptatem est saepe. Reiciendis ut aut vitae natus reprehenderit porro. Suscipit voluptatum sunt deserunt et et nostrum rerum.','2017-02-14 00:26:10','1977-03-22 21:21:14'),(61,14,'Voluptatem sint quo non fuga necessitatibus. Quod repellendus officia et qui dolores est explicabo. Sunt est ut velit quis. Aut vero sequi enim corporis ut sit.','2010-06-06 00:55:25','2010-07-02 07:05:04'),(62,107,'Placeat expedita facilis quas odio tempore esse velit. Velit dolorem adipisci sit. Modi atque dolore sit aut voluptates possimus. Quia saepe porro atque odit.','2012-04-11 21:12:02','1975-05-07 11:48:56'),(63,59,'Nobis maiores qui autem. Nam impedit at explicabo distinctio earum sapiente vero. Optio beatae id quia a.','1970-07-18 17:43:09','1980-07-04 03:22:50'),(64,24,'Quibusdam et facilis perspiciatis nostrum est deserunt. Voluptatem velit corporis incidunt incidunt. Rerum accusantium perferendis et amet iusto ducimus eaque quos. Laborum commodi sequi placeat beatae.','1994-04-12 17:06:16','1985-01-09 13:07:39'),(65,128,'Odit et sint voluptatum corporis quos sed et vel. Eum ut perspiciatis et consectetur numquam eligendi reprehenderit. Aliquid beatae nesciunt eaque voluptatem sit et sint.','2017-10-24 18:51:44','2011-11-16 23:18:01'),(66,16,'Sed quos eos quas porro et accusantium sapiente architecto. Alias qui expedita laudantium facere cum ducimus.','2010-08-08 23:58:36','2004-10-08 01:13:26'),(67,35,'Voluptatibus libero ut molestias eos. Et omnis eum eaque quod quibusdam. Sunt dolores vel totam quas qui aliquid magnam. Voluptatem provident ut qui suscipit error.','1997-06-11 00:30:12','1983-06-03 01:42:50'),(68,98,'Eum voluptas enim quis tempore quia libero. Ullam facere voluptates nesciunt qui eveniet beatae sint officia. Ratione dolorum nostrum nam cupiditate voluptates.','2016-05-25 05:17:56','1990-06-16 19:25:43'),(69,16,'Similique hic quisquam minus quia vel error molestiae necessitatibus. Quia voluptate est nisi corrupti eaque voluptatem voluptas. Voluptatem praesentium fuga et sit.','1981-07-01 10:52:04','1999-06-22 04:40:31'),(70,21,'Blanditiis quidem corporis exercitationem velit ipsa. Nihil maxime nostrum id nihil corrupti sunt. Non sit illo perferendis non.','2009-05-20 18:23:44','1994-11-22 06:05:34'),(71,2,'Maiores id aliquam dignissimos magnam. Eum inventore quia soluta. Odio esse quod modi sed. Doloremque omnis provident nobis alias blanditiis minima sit.','1970-04-15 09:38:31','1987-07-02 14:22:37'),(72,64,'Ducimus tenetur nisi ut qui fuga. Aperiam libero doloremque omnis rem nobis dolorem. Dolore et quos non quos.','1995-06-15 03:25:07','1975-02-08 18:58:47'),(73,107,'Corporis et dolor sed. Corporis rerum dolor enim veniam. Unde eius deserunt similique quam ipsam.','1997-02-14 15:26:36','2000-02-03 16:17:03'),(74,115,'Fugit facere quisquam esse omnis et. Cupiditate unde dolorem et consectetur. Quidem vitae non sunt tenetur nostrum quia.','1996-02-05 18:26:44','2008-02-13 23:41:20'),(75,74,'Totam est voluptatem alias corporis et maiores. Repudiandae ratione quae voluptate officia occaecati. Et veritatis et vel expedita necessitatibus eum eveniet.','2015-06-26 06:53:38','2018-12-07 21:04:56'),(76,114,'Necessitatibus est quo laboriosam harum tempore. Recusandae quibusdam enim et asperiores eveniet saepe. Nisi et eum dolorem harum unde eos. Odio repellat non voluptas expedita.','2011-12-09 17:20:04','1974-08-25 20:25:28'),(77,57,'Similique deserunt facilis numquam consequatur. Ut earum velit eos deserunt accusantium enim. Non et tempore id quia corporis rerum eveniet.','1993-12-11 14:36:41','2016-03-29 09:02:15'),(78,99,'Dignissimos sunt earum eos laudantium. Dolor laboriosam qui ut distinctio numquam magnam. Qui repudiandae laudantium dolor ut molestiae sunt.','1978-02-25 14:24:50','2000-05-27 14:25:39'),(79,9,'Nostrum reprehenderit est repellendus blanditiis. Molestiae unde nihil eos et eos suscipit architecto. Laborum quo et voluptatem laudantium quia repellendus necessitatibus. Sed enim aliquam possimus.','1995-02-20 11:30:03','1977-02-24 08:18:59'),(80,4,'Dignissimos enim ullam qui vel ad laborum quaerat. Explicabo sed modi dolorum reprehenderit nisi.','2009-09-14 14:02:09','2012-05-27 09:33:54'),(81,17,'Et neque quo consequatur sint fugit. Est sint qui unde itaque et fuga earum. Aut debitis sunt hic dicta dignissimos. Exercitationem est ea sequi voluptas quas quo.','2015-05-31 03:43:54','2000-03-09 02:07:25'),(82,10,'Cumque veritatis eos quia dicta. Sed est officiis quae omnis. In nulla atque sit illum exercitationem.','1990-06-18 05:27:51','2020-10-14 11:59:40'),(83,140,'Illum nisi corrupti possimus et vel eos. Voluptate sit qui reprehenderit quidem qui. Ut repellat doloremque qui.','1998-10-10 13:12:23','1990-02-22 15:03:07'),(84,127,'Fugiat cum reprehenderit quo cum unde deleniti. Ipsum qui beatae et. Sapiente non quibusdam beatae id voluptas temporibus est ut.','2020-04-11 19:17:02','2004-08-18 22:02:43'),(85,116,'Voluptatibus voluptatem ullam assumenda aut commodi dolores. Dolorum occaecati doloremque omnis et reiciendis. Iusto voluptas unde perspiciatis et.','1998-06-14 17:44:58','1980-04-07 22:33:45'),(86,91,'Deleniti deserunt nesciunt ut et quia nostrum natus. Deleniti non explicabo aut nulla ut a. Ipsam corporis iste ullam dignissimos quam. Provident at a sit ut facere eligendi odit.','1974-09-01 12:07:12','1999-02-17 00:55:56'),(87,2,'Molestiae ad quia praesentium incidunt quaerat. Atque vitae eligendi velit commodi. Maiores assumenda qui sunt nesciunt. Ut voluptatem nesciunt ut rem accusantium. Et dolor accusantium id sunt fugit repellat voluptatem excepturi.','1995-05-14 02:34:52','1977-09-09 12:00:30'),(88,137,'Eos dolor delectus aut. Voluptas dolore consequatur quia itaque quas. Eveniet ut quam culpa voluptatem.','1978-10-26 23:02:26','1974-11-11 08:59:30'),(89,12,'Reprehenderit minus eligendi facilis libero occaecati sit. Nihil recusandae quaerat pariatur magni sit facere et. Earum qui earum laudantium.','1984-02-26 16:31:07','2001-09-19 20:58:06'),(90,39,'Veritatis vitae culpa repudiandae nihil quia sit quisquam in. Reiciendis molestiae accusamus facere. Est commodi rerum nostrum et architecto error dolor non. Aut libero et dolorem quia alias. Facilis totam omnis corporis voluptatem.','1987-08-14 15:15:19','1981-10-23 22:50:16'),(91,149,'Quidem perferendis neque nihil et aperiam. Consequatur alias accusantium nihil vel quae. Mollitia quisquam quia corporis rerum ut. Natus consequuntur id non et id.','2019-01-27 06:58:29','1992-08-19 13:35:46'),(92,26,'Est quaerat temporibus earum. Non omnis animi vitae vel qui suscipit. Rerum tempora laudantium magni voluptas minus. Voluptatibus sed iusto ut tempora.','1992-05-29 04:07:04','2003-03-18 18:21:14'),(93,146,'Illum harum aut sunt odit doloremque. Culpa omnis enim a. Consequatur est ratione animi ea ad et impedit. In molestiae illum voluptas.','1980-07-12 03:02:23','1978-04-20 23:06:51'),(94,57,'Impedit id doloremque omnis cumque autem aliquam. Et ut consequatur facilis aut. Omnis totam impedit sed quisquam.','2018-10-06 12:03:37','2009-06-06 00:40:53'),(95,50,'Saepe voluptatem sit molestiae et. Ipsa perspiciatis quia et ex numquam voluptatibus. Consequatur deserunt ullam provident ex accusamus repellat magnam. Modi quia est cum enim beatae.','2006-11-18 16:14:39','1986-10-20 09:59:18'),(96,123,'Atque mollitia velit nemo. Id impedit asperiores nesciunt dolor quia cupiditate dolores.','1970-10-04 19:03:48','1987-11-27 02:44:27'),(97,73,'Dolor deserunt accusantium magnam accusamus illum magni. Reiciendis eum voluptas minima. Quisquam eius eveniet aut sit excepturi eos sit. Est exercitationem voluptatem quia porro dolor quasi et. Ut ratione animi dolorem qui sit.','1977-01-28 00:46:41','2006-10-20 19:22:33'),(98,84,'Quam et cum sed a delectus. Sit voluptas et corrupti est eum autem corrupti. Dolorem accusantium eaque eos placeat voluptas sint. Velit exercitationem delectus laboriosam sit sed.','2014-12-02 01:52:58','2019-10-12 14:45:48'),(99,70,'Cupiditate dolores non ut. Quidem occaecati maiores eum eius fuga soluta nostrum. Saepe placeat cum ipsa. Cumque vel ut voluptates architecto suscipit.','2009-08-10 14:41:19','1997-05-28 14:06:45'),(100,88,'Ipsa necessitatibus aut magni qui suscipit. Aut dolorum saepe quia quidem id. Dolore expedita voluptas quis laudantium quo dolores error. Quibusdam quos placeat vel nemo ab.','2010-11-15 06:21:03','1980-03-09 15:48:43'),(101,105,'Laboriosam ipsum velit consequuntur. Aspernatur qui repellendus et at labore voluptates. Adipisci enim et aut corporis eveniet officia vero veniam. Molestias ea molestias voluptatem omnis et.','1997-02-13 06:22:24','2000-07-04 01:51:23'),(102,72,'Ducimus sed delectus possimus iusto nisi ex. Voluptas aut natus aut velit. Fuga dolore non ut quos qui et. Minus est tenetur laboriosam eius eius vel neque dolorum.','1979-03-10 06:39:25','2015-08-03 04:23:02'),(103,1,'Et tempore assumenda autem. Eos eveniet ut odit et earum. Magnam minima nihil dolor ducimus. Quia ut harum tenetur ducimus quo dignissimos ex.','2015-06-12 13:05:09','2016-04-12 23:51:37'),(104,61,'Amet est totam enim quia quia qui placeat. Sit corporis dolor eveniet quaerat dolorum dolorum velit ducimus. Sed perspiciatis praesentium eaque qui sunt voluptatem sed.','1973-12-19 10:40:44','2000-02-13 18:42:38'),(105,37,'Repellendus nihil alias quis libero. Ab numquam voluptatum labore sit animi sed natus.','1992-08-09 03:44:41','2018-11-26 07:18:31'),(106,75,'Quibusdam ipsum ea aut ea aliquid non. Ducimus eligendi iure aut doloremque aliquid repellat dolores. Eius officiis magnam similique voluptatem mollitia ut.','2018-03-29 13:07:30','1991-12-26 20:32:05'),(107,25,'Enim quia eius repellat nulla autem. Delectus consequuntur eius in consectetur unde nostrum et. Consequatur harum quam vel odit. Provident temporibus dolor aut a incidunt. Libero provident quis sequi saepe voluptatem et.','1978-10-13 16:47:09','2005-10-24 03:13:09'),(108,94,'Commodi non sit praesentium quia quas quod maiores. Voluptatem aut vel consectetur sit. Quam sapiente dolore velit ea repellendus voluptas consequuntur dicta. Est sapiente sit enim sit est.','1979-10-16 22:44:28','2004-01-13 09:52:37'),(109,23,'Laborum non ex soluta omnis totam omnis neque. Iste qui aliquam hic ut et commodi. Eius nam facere ut aut occaecati illum. Excepturi aut nihil ipsa et praesentium et ipsum.','1972-07-10 09:20:12','1996-03-07 14:49:06'),(110,33,'Et natus possimus nostrum maiores qui delectus non. Eligendi eum consectetur rem. Et necessitatibus aspernatur soluta cum aut molestiae occaecati.','1987-11-25 07:30:07','1994-03-30 03:41:38'),(111,97,'Molestiae veritatis dolorem consequuntur et maxime sint ab. Iste inventore nemo consequatur aut qui qui aut. Ea qui quis asperiores molestiae qui.','1974-04-03 21:34:38','1977-03-11 16:55:45'),(112,40,'Qui et accusantium possimus debitis optio non amet. Nemo error quam facere facere voluptatem perspiciatis. Officia quam esse ratione sed optio eos rerum. Ut et officiis aut in ex non repellendus.','1990-05-28 20:57:09','1998-12-17 23:25:05'),(113,42,'Hic est necessitatibus consectetur consequatur cupiditate. Voluptate nisi esse ut vero optio. Modi facere alias ab id ducimus natus vel.','1978-09-16 16:51:13','1988-02-28 13:22:45'),(114,87,'Harum dignissimos aut laboriosam et nulla quia. Quaerat voluptatibus sed eaque impedit quae voluptatem soluta. Dolor quod et asperiores eligendi omnis voluptate nobis.','1975-01-25 01:23:27','1979-12-18 14:58:48'),(115,16,'Quidem iusto molestiae id et sit vel sed. Sed totam est aspernatur cumque. In tenetur quo numquam veniam autem ex. Architecto delectus enim sed ut quo aperiam fugiat.','2005-03-13 09:30:04','1981-05-04 18:56:01'),(116,7,'Beatae culpa est aut. Modi quod et numquam architecto quam autem. Distinctio illo perspiciatis error corporis nobis non.','2015-05-16 09:57:11','2020-02-04 00:26:47'),(117,27,'Quos beatae nihil vel voluptatem optio est nemo ipsum. Illo facere sequi enim nisi veritatis odio.','1998-11-20 20:59:49','2008-03-18 19:03:21'),(118,18,'At et et labore aperiam nihil id beatae. Perferendis molestiae illo autem laudantium molestiae cumque. Et aspernatur error quas aut suscipit est a. Occaecati delectus quam nihil quaerat eum ut facilis eos.','1994-04-07 10:39:03','2008-03-18 19:02:08'),(119,143,'Maiores dicta voluptate quis quidem. Laborum inventore architecto qui. Voluptates aut sit laborum. Veniam in amet et illo et.','1975-10-05 01:40:29','1999-02-04 17:20:03'),(120,39,'Qui similique aut et totam. Sint numquam perspiciatis quia sit sit necessitatibus nesciunt. Et quisquam et beatae praesentium modi voluptas fuga tempora.','2005-02-26 22:57:08','1988-12-07 04:31:13'),(121,56,'Excepturi voluptatem amet qui quibusdam dolores suscipit. Atque minus labore quae asperiores consequatur exercitationem ratione unde. Corrupti officiis laboriosam saepe laudantium sit adipisci non. Blanditiis modi iusto et rem.','2017-11-18 07:18:23','1999-06-30 07:37:42'),(122,142,'Autem id minima commodi. Maxime deleniti accusantium aspernatur dolorum quaerat quaerat. Suscipit quasi aspernatur et reprehenderit accusantium sint.','2016-10-16 21:51:09','1997-08-20 12:55:34'),(123,65,'Amet enim unde ea laudantium omnis. Voluptate magni voluptas quidem ex architecto assumenda recusandae. Aut et et voluptas non ut.','2019-08-18 06:33:06','1972-12-07 17:04:33'),(124,51,'Mollitia et mollitia cupiditate et laudantium vero in voluptas. Optio quia voluptatem molestias. Quos praesentium accusamus ullam qui.','1973-04-14 06:20:12','1987-03-15 19:14:12'),(125,49,'Accusantium at ipsam ut est occaecati et deserunt. Inventore non sed asperiores incidunt illum. Rem porro error earum et velit dolores. Qui soluta tenetur quidem sunt. Placeat qui debitis recusandae consequatur cupiditate.','1970-08-28 08:53:26','1975-06-17 14:46:50'),(126,114,'Consequatur asperiores occaecati tempora reprehenderit iusto voluptas ex. Et nesciunt dolor consequatur laboriosam ad veritatis praesentium. Sit pariatur voluptatem ea et ea architecto. Et omnis eligendi qui quam impedit qui.','2004-07-23 06:18:33','1990-11-24 19:36:23'),(127,24,'Ut asperiores eligendi aut iusto voluptatem voluptas. Ratione id suscipit suscipit. Autem est quod non maiores repellendus. Ratione alias beatae quibusdam cum.','1979-12-25 02:05:21','1981-12-14 04:57:21'),(128,121,'Dignissimos debitis officiis magnam provident nostrum earum voluptas ut. Id accusamus qui alias sunt animi quae. Quia repellat eligendi voluptatum suscipit nihil.','2008-12-20 00:42:40','1981-10-03 16:55:41'),(129,48,'Reprehenderit ullam voluptate qui consequuntur aperiam amet qui. Ipsa ipsam cum voluptatum deleniti. Labore vero quibusdam vel maxime dolorem autem.','2015-12-23 00:58:32','2011-12-17 08:47:12'),(130,94,'Unde unde autem quod in et odit. Sint rerum dignissimos voluptatem beatae enim quis iusto dolorum.','1990-04-08 03:47:57','1995-08-04 00:29:19'),(131,58,'Sequi qui ipsam et. Cupiditate quis aut ducimus harum. Nihil quaerat doloremque rerum reprehenderit aspernatur consequatur itaque. Id necessitatibus magni doloremque qui.','1998-02-02 14:48:41','1972-03-29 15:25:29'),(132,2,'Explicabo alias exercitationem sunt vero iste nihil. Deleniti velit ut illum minima debitis iste. Ab distinctio aut soluta ullam.','2020-03-30 09:43:55','2001-05-18 21:31:44'),(133,15,'Nostrum aperiam mollitia magni animi et maxime vel. Quia quaerat quasi quidem aliquam nobis modi.','2007-09-18 11:54:25','2006-08-31 11:49:10'),(134,59,'Voluptas voluptatem distinctio at rerum eveniet asperiores ut. Eaque sit fugit suscipit. Ducimus aperiam accusamus sapiente occaecati consequatur ut. Quo minima expedita iure aut.','1989-02-09 14:42:48','2003-05-06 20:55:11'),(135,62,'Vel molestias quaerat dolorem laborum modi et laboriosam. Accusantium saepe totam aliquid et maiores pariatur sed. Ullam nisi magni enim possimus quia. Quis ipsa quia consequatur corrupti alias animi.','2013-01-15 00:54:16','2012-06-02 07:02:39'),(136,52,'Quasi ratione totam occaecati deserunt sunt dolores. Eius amet corporis a deleniti inventore. Ipsum autem porro dolore deleniti ipsum nemo quo.','1982-09-21 05:50:27','2017-07-01 09:06:08'),(137,133,'Voluptatem assumenda hic ipsum et quisquam. Delectus sequi ut temporibus officiis sunt accusantium. Eveniet et ut repudiandae culpa. Quam quod ipsa et quasi alias voluptatem. Sunt quis eaque id nostrum porro.','2008-07-24 06:26:28','1994-04-06 23:54:12'),(138,87,'Repudiandae vel qui reprehenderit eos. Iure est libero magnam. Velit dolores nam quo iure cum sunt facere. Et autem voluptatibus aliquid consequuntur tempore.','2012-07-09 12:48:38','1978-06-11 17:14:32'),(139,145,'Sed ut facere velit delectus consequatur veniam. Iusto voluptas voluptatum alias quia ea non in.','2011-04-19 22:05:08','1978-11-15 00:05:54'),(140,6,'Sit expedita odio et dignissimos praesentium cupiditate. In qui eos ea cupiditate sint voluptas distinctio. Temporibus sunt nulla ea commodi incidunt sit molestiae. Numquam cumque autem aliquam molestiae.','2011-11-16 14:16:54','1974-09-01 14:36:19'),(141,119,'Eligendi sunt quia sint ex natus omnis. Quam esse mollitia laudantium. Cumque molestiae enim vitae ipsam reprehenderit dignissimos. Iusto quia earum laudantium minima vel. Repudiandae maiores tenetur ut reiciendis dolorem aliquid.','1979-12-11 04:31:36','1987-10-20 23:53:08'),(142,92,'Eum consequatur qui sit et eos maiores aut. Nisi et rem voluptatum a. Unde itaque nobis qui libero itaque. Est molestias atque quis.','1981-12-02 18:24:05','2019-09-16 09:54:35'),(143,45,'Ea vitae labore tempora maxime perferendis quia dolor. Nam quam sunt officia earum sed suscipit. Velit aliquam porro quidem deleniti ullam doloribus voluptates.','2018-01-18 21:32:45','1999-02-06 08:59:02'),(144,10,'Quas eveniet sint esse tempora ut in. Magnam aspernatur pariatur ut voluptates. Velit accusamus excepturi placeat consequuntur dicta et quibusdam. Quibusdam amet voluptatum accusamus tempora est.','1978-05-22 09:33:49','2009-03-09 04:01:48'),(145,28,'Natus tenetur velit tempore suscipit. Autem consequuntur aut nostrum fuga qui neque. Iste nam commodi dolorum beatae. Assumenda qui eligendi sint non beatae eos in.','2013-08-01 18:40:10','2011-06-20 09:40:29'),(146,60,'Aut repellendus assumenda mollitia maiores. Et mollitia esse tenetur quo. Qui et laboriosam illum velit veniam aut voluptatibus.','1994-10-20 07:00:37','1977-02-10 22:43:15'),(147,17,'Impedit praesentium veritatis voluptates excepturi. Neque cum incidunt blanditiis iste autem numquam.','2006-05-13 20:10:35','1997-05-31 00:33:38'),(148,55,'Veniam maxime magni consequatur tempora labore occaecati accusantium. Repellat aliquam animi commodi. Velit error saepe sint quia id sunt aspernatur.','1996-03-30 19:03:47','2003-10-19 09:34:18'),(149,78,'Quod consectetur sed qui laborum quae. Et sint architecto et nesciunt. Omnis qui ut qui fugiat consequuntur repellat.','1989-11-08 11:02:56','1997-09-28 14:42:25'),(150,10,'Tenetur id modi et veritatis. Velit quia impedit voluptatem non dolores. Voluptatem quasi earum quis cum quia est.','1976-04-19 12:41:45','2003-07-25 10:21:16'),(151,94,'Sed atque beatae aut ullam neque dolorem. Pariatur quas et ut dicta delectus ut qui. Quisquam quis cupiditate voluptate nam pariatur veniam deserunt. Assumenda doloremque accusamus provident excepturi iste voluptatum ab. Voluptatibus ut facere libero quos sed ad.','2002-06-25 04:08:21','1980-04-10 04:21:52'),(152,133,'Voluptatem est repellat totam maxime qui vel provident id. Vel cupiditate veritatis quam ut in quo. Eveniet quibusdam pariatur enim ea repellendus quisquam quasi. Est animi vel ut rerum deserunt quam tenetur.','2007-01-31 15:30:16','1974-12-06 04:40:07'),(153,1,'Explicabo reprehenderit ut officiis assumenda amet laborum eaque. Deserunt voluptas reprehenderit impedit esse nihil. Nemo tenetur dolorem cumque consequuntur. Eos suscipit molestias esse placeat laboriosam autem non. Eius laboriosam qui qui omnis et.','2004-07-05 15:20:28','2015-04-27 10:15:46'),(154,8,'Fugiat consequatur eligendi et magnam impedit reprehenderit nulla. Accusantium enim aut dolor explicabo. Suscipit est ab placeat quia nostrum sit. Ratione reprehenderit libero rerum voluptatem.','2020-02-12 05:30:38','1994-01-09 05:33:04'),(155,34,'Neque perferendis rem accusamus et porro rerum. Cupiditate adipisci saepe in. Pariatur doloremque necessitatibus enim iure magni rerum.','1985-06-04 03:02:01','2011-03-31 12:21:35'),(156,49,'Suscipit dolor quibusdam alias. Recusandae rerum sunt ut ut. Vel minima perspiciatis in eius repudiandae.','2012-01-22 22:25:59','2004-03-04 22:38:50'),(157,122,'Cupiditate rerum non minus labore architecto vel. Qui minima et est aut vel. Veniam iusto officia sit quos sapiente hic. Magnam exercitationem molestiae quo.','1985-07-18 20:43:40','2013-05-12 14:55:51'),(158,58,'Unde atque placeat qui. Nam deleniti ab officia velit praesentium minus sed. Modi molestiae dolor voluptatem voluptatem. Nostrum modi et incidunt dolorem.','1978-09-25 04:47:58','2019-03-03 01:05:53'),(159,19,'Natus laborum harum eveniet laudantium sunt. Et voluptatum perspiciatis delectus voluptas.','1973-09-21 07:01:09','2007-03-19 10:22:10'),(160,19,'Necessitatibus reprehenderit sequi eum reiciendis iure sed. Dicta nesciunt modi ab incidunt. Omnis consequatur dicta molestiae ipsum similique molestiae doloribus molestiae.','2018-12-26 07:40:51','1979-03-22 18:14:43'),(161,1,'Quam voluptas ipsa officia omnis architecto magni. Necessitatibus quidem nihil ut. Nemo porro voluptate eum cum magni. Tenetur aut aut qui modi veniam facilis nemo.','1981-09-12 18:52:59','1971-11-12 09:41:39'),(162,77,'Rerum id cupiditate nobis beatae. Facilis quisquam excepturi ut porro est sed ut. Doloribus ex reiciendis aspernatur ea magni distinctio quaerat.','2014-10-24 00:30:07','1986-12-10 03:47:03'),(163,20,'Ipsa accusamus repudiandae ea ipsum quasi veritatis eaque. Consequatur aut dolorum est omnis et qui sint. Qui quis temporibus fuga doloribus illum. Ipsa commodi nihil explicabo consequatur est.','2007-02-12 06:14:50','1974-02-12 14:04:46'),(164,16,'Sed aut mollitia nostrum eos ut accusamus. Ratione praesentium reiciendis quo rem. Aut quis quo quis in quo molestiae quas. Atque minus dolorem placeat pariatur aliquid et.','2015-03-27 11:35:41','2002-07-24 21:02:10'),(165,136,'Tempora quia aperiam nobis sint. Id veritatis possimus odio ipsum dolorum. Temporibus exercitationem amet expedita sapiente. Voluptatem est veniam vero repellendus earum modi.','1977-07-17 15:06:21','1985-07-11 22:12:18'),(166,82,'Ex ipsa consequuntur est quibusdam est nostrum. Et eum quis in iure officiis incidunt. Et error omnis dolor exercitationem perferendis similique nesciunt. Animi qui in atque et omnis.','2014-12-06 16:32:55','2011-02-16 20:14:59'),(167,67,'Nesciunt earum veniam earum voluptas illum sunt similique. Officiis odit autem rerum excepturi. Vero explicabo vel consequatur harum inventore quis dignissimos.','1974-11-25 01:35:02','2003-02-09 13:27:04'),(168,118,'Et eveniet mollitia tempore delectus officiis. Et cumque fuga molestiae nam reiciendis.','1971-04-21 21:29:37','1999-11-09 15:52:35'),(169,18,'Maiores consequatur perspiciatis ratione nesciunt non sint. Quo non iure minus voluptatem. Quis ullam occaecati et facilis ut cumque.','1978-03-10 02:44:38','1971-08-26 08:39:35'),(170,62,'Non voluptatibus fugit saepe quas similique rerum eum. Animi earum tempore natus similique. Cumque molestiae perferendis nihil optio aliquam non quisquam sint.','1972-07-16 21:57:42','1975-08-06 09:33:55'),(171,123,'Cum nostrum sequi similique. In qui debitis suscipit corporis et rerum quia. Unde quia consequatur dolores quasi veniam. Et et suscipit vel quasi consectetur asperiores omnis.','1984-11-14 10:43:25','1984-07-01 00:19:41'),(172,136,'Quo pariatur nam accusamus vel. Quia non eum qui nihil velit et. Aut qui quia molestiae repellat et dolores. Dolores laborum amet fugit vel dolores.','2020-01-13 06:44:38','2000-11-28 16:45:18'),(173,4,'Totam et non sint hic. Quia qui ut minima praesentium maxime suscipit voluptas. Eos aliquam modi et dolores ea.','1999-04-16 07:34:52','2001-05-31 18:37:07'),(174,18,'Aspernatur cumque cum voluptate incidunt ab. Soluta voluptatem consequatur beatae odit et. Beatae velit molestiae magni omnis. Ex pariatur deserunt ex.','2003-10-23 05:27:35','1973-12-11 22:01:20'),(175,146,'Quo adipisci ad consectetur cum. Atque voluptas harum voluptates reprehenderit. Sequi exercitationem dolor qui repellat architecto id.','1994-12-06 17:05:24','1979-08-10 00:55:41'),(176,32,'Qui non ut iusto nihil dolor rerum aut necessitatibus. Ex fuga nisi ea vitae. Animi tenetur eum id quas sit et vitae.','2008-04-05 01:05:44','1978-06-08 02:40:01'),(177,78,'Ut velit iste rem odit sit doloribus velit dolorem. Fugiat enim cupiditate nulla eaque et minus. Inventore ullam dolorem sed veritatis qui non vel.','2005-04-29 08:18:21','1979-06-06 22:49:27'),(178,12,'Ipsa nihil porro voluptas aut impedit nesciunt. Dolor ut est autem excepturi saepe sunt ipsam. Perspiciatis quia id libero qui velit consequatur. Deserunt ea sint recusandae id occaecati qui qui.','2001-08-11 10:24:59','1986-05-04 00:13:12'),(179,87,'Ut voluptatem quae ipsum odio voluptas ducimus odit non. Quos ut commodi odio aut dolorum et. Quaerat veritatis quaerat et a.','1989-11-06 22:31:29','1981-07-10 17:34:19'),(180,5,'Corporis natus quia qui veritatis consequatur eaque vitae. Perspiciatis omnis iusto perspiciatis est expedita accusamus dolorem ea. Recusandae laboriosam rem voluptas voluptatibus repudiandae sed quia. Debitis aspernatur non suscipit doloribus vel velit.','1975-12-21 18:08:18','2016-12-29 11:02:42'),(181,21,'Eius est facilis quia tempore optio eveniet laboriosam voluptatem. Qui et nam nihil sunt nihil omnis. Distinctio labore occaecati ut rem. Beatae qui cum id.','1974-07-07 06:59:30','2013-05-08 18:20:27'),(182,30,'Ut fuga nam magni accusantium velit et vel ut. Voluptatem quam voluptas omnis at quo.','1982-07-19 14:04:30','1979-03-15 17:41:02'),(183,138,'Quaerat repellat totam et qui doloribus fuga quisquam. Autem consectetur nobis architecto possimus officia. Rerum quam qui assumenda rerum velit. Enim molestiae et iste recusandae.','2016-03-24 19:20:53','1982-02-07 08:10:20'),(184,22,'Et quo sequi fugit eos blanditiis omnis placeat. Ut pariatur sunt maiores excepturi minima quidem. Voluptates et sit ut dolor saepe fugiat voluptas.','2007-07-28 22:01:00','1975-11-29 15:44:21'),(185,38,'Accusamus ut corrupti mollitia. Voluptatem accusantium et sed sunt magnam ullam et voluptates. Fugit tempora eius a iure esse.','2020-12-04 21:49:31','2009-12-23 19:48:23'),(186,22,'Sed cum cum exercitationem voluptas. Cupiditate molestiae aut ratione deleniti sunt illum. Ex assumenda similique tenetur cum. Molestias ut dolorem aperiam a reprehenderit dolorum.','1979-10-25 22:03:42','1977-08-22 01:49:24'),(187,70,'Nesciunt qui neque omnis doloribus quia consequuntur. Quia omnis dolores possimus cumque quae quia. Porro veritatis cum ab velit. Doloribus tenetur doloremque nostrum est aut perspiciatis voluptate.','2004-10-16 17:12:01','2020-10-14 11:01:41'),(188,9,'Aut dolore consequatur blanditiis. Natus eligendi reiciendis illo qui ab unde. Commodi autem cupiditate vel placeat voluptas nemo et. Nemo minus et iste quod voluptates quibusdam ducimus voluptate.','1986-03-05 16:34:42','1977-09-09 00:43:16'),(189,79,'Impedit itaque aut dolorem aut. Id voluptatum id aperiam sapiente animi vitae. Enim voluptatem et blanditiis iste occaecati. Laudantium temporibus voluptatum eos fugit.','2013-08-05 16:41:22','2008-01-09 01:32:51'),(190,89,'Nostrum et molestias eos incidunt magnam. Qui nulla asperiores laborum asperiores ut assumenda debitis. Non repellendus dignissimos quia. Optio facilis repellat repellendus sed soluta et.','2007-07-09 07:15:07','1974-04-25 10:17:23'),(191,27,'Perferendis molestiae enim nulla dolorum. Fugiat voluptas tempora exercitationem ducimus. Esse et quisquam ut ea libero eos. Ipsa ut recusandae voluptatem expedita omnis fuga.','1999-10-07 15:37:23','2021-02-16 21:29:10'),(192,79,'Doloribus perspiciatis nostrum quaerat molestias et consequuntur consequatur. Omnis aperiam architecto pariatur voluptate minus tempore natus.','2001-02-13 20:27:33','2005-02-15 05:01:26'),(193,16,'Dolores non fugit reiciendis ut sed. Dolore minima sed quas ut tenetur et. Blanditiis ipsa accusantium optio similique qui expedita perspiciatis.','1974-05-07 01:58:07','1997-01-09 15:52:10'),(194,46,'Et facilis suscipit eum expedita inventore omnis. Similique est ipsum voluptatem sunt et est.','2002-01-06 22:54:46','2018-12-18 17:21:04'),(195,94,'Officiis exercitationem sapiente unde inventore et facere. Doloremque sequi hic eum deserunt non aspernatur. Iste laboriosam accusantium nihil doloribus.','1980-04-12 21:41:15','2004-01-11 21:33:24'),(196,1,'Eligendi dolores sed at nesciunt. Eaque rerum nihil tenetur sunt sed quo. Neque perspiciatis voluptas consequatur et dolor tempore.','1991-11-19 07:41:09','2016-07-15 00:23:26'),(197,128,'Modi mollitia harum facilis tempora. Quo quo aut repudiandae odit saepe ea nihil. Quisquam quibusdam quia accusantium nihil ut ut.','1982-08-22 17:55:34','1978-12-28 18:11:57'),(198,11,'Laborum reprehenderit minima dolore saepe. Provident hic illum laborum ut. Harum nulla eligendi in facilis quia corporis quia at. Delectus a veniam autem et voluptates.','1986-01-13 23:56:14','1991-03-05 01:36:51'),(199,118,'Pariatur placeat totam et cum expedita accusantium. Hic quo non fugiat quod est ut dolorum. Fuga est vel sapiente placeat. Sint eos recusandae aut.','2016-02-26 06:37:46','2020-04-04 17:01:04'),(200,145,'Non aliquid consequatur porro autem aspernatur. Voluptas a reiciendis aspernatur ea est fugiat doloribus in. Accusamus laborum delectus dolorum qui perferendis eos sit. Ea animi laudantium ut voluptatibus saepe est est. Distinctio dignissimos nihil qui quo minus aut voluptas.','1991-06-01 05:23:48','2011-05-28 00:19:03');
/*!40000 ALTER TABLE `posts` ENABLE KEYS */;
UNLOCK TABLES;

--
-- Table structure for table `posts_likes`
--

DROP TABLE IF EXISTS `posts_likes`;
/*!40101 SET @saved_cs_client     = @@character_set_client */;
/*!50503 SET character_set_client = utf8mb4 */;
CREATE TABLE `posts_likes` (
  `post_id` bigint unsigned NOT NULL,
  `user_id` bigint unsigned NOT NULL,
  `like_type` tinyint(1) DEFAULT '1',
  PRIMARY KEY (`post_id`,`user_id`),
  KEY `post_idx` (`post_id`),
  KEY `user_idx` (`user_id`),
  CONSTRAINT `posts_likes_fk` FOREIGN KEY (`post_id`) REFERENCES `posts` (`id`),
  CONSTRAINT `users_likes_fk` FOREIGN KEY (`user_id`) REFERENCES `users` (`id`)
) ENGINE=InnoDB DEFAULT CHARSET=utf8mb4 COLLATE=utf8mb4_0900_ai_ci;
/*!40101 SET character_set_client = @saved_cs_client */;

--
-- Dumping data for table `posts_likes`
--

LOCK TABLES `posts_likes` WRITE;
/*!40000 ALTER TABLE `posts_likes` DISABLE KEYS */;
INSERT INTO `posts_likes` VALUES (2,66,0),(10,98,1),(11,6,1),(13,78,1),(14,9,1),(16,31,0),(17,64,1),(19,15,0),(23,45,1),(24,89,0),(24,128,1),(25,34,0),(26,19,0),(26,59,0),(26,74,1),(29,69,1),(29,92,1),(31,96,0),(33,5,1),(36,35,0),(36,72,1),(39,148,1),(41,52,1),(42,7,1),(46,130,0),(47,58,1),(52,93,1),(52,101,1),(54,7,0),(59,55,0),(60,70,0),(61,47,0),(63,12,1),(67,78,1),(68,54,0),(75,28,1),(75,32,1),(78,45,1),(78,74,1),(79,133,1),(80,141,1),(83,24,0),(85,34,0),(85,124,0),(88,97,0),(89,121,0),(90,23,0),(91,39,1),(93,12,1),(94,63,1),(95,83,1),(100,130,1),(104,108,1),(104,114,0),(106,142,0),(108,146,1),(110,94,0),(112,117,1),(113,52,1),(113,127,1),(117,32,0),(120,34,0),(121,86,0),(122,126,0),(123,27,0),(129,25,0),(134,11,1),(135,127,1),(136,20,0),(137,44,1),(137,72,1),(138,52,1),(138,113,1),(139,126,0),(142,143,1),(144,122,1),(145,34,1),(154,120,0),(156,150,1),(157,146,0),(161,87,1),(164,16,1),(165,135,1),(167,107,1),(170,27,1),(170,105,0),(176,116,1),(178,104,1),(178,115,1),(178,143,0),(179,48,1),(182,108,0),(183,114,0),(186,20,1),(190,2,0),(191,74,0),(193,52,0),(195,13,0),(196,82,1),(197,47,1);
/*!40000 ALTER TABLE `posts_likes` ENABLE KEYS */;
UNLOCK TABLES;

--
-- Table structure for table `profiles`
--

DROP TABLE IF EXISTS `profiles`;
/*!40101 SET @saved_cs_client     = @@character_set_client */;
/*!50503 SET character_set_client = utf8mb4 */;
CREATE TABLE `profiles` (
  `user_id` bigint unsigned NOT NULL,
  `gender` enum('f','m','x') NOT NULL,
  `birthday` date NOT NULL,
  `photo_id` bigint unsigned DEFAULT NULL,
  `user_status` varchar(30) DEFAULT NULL,
  `city` varchar(130) DEFAULT NULL,
  `country` varchar(130) DEFAULT NULL,
  PRIMARY KEY (`user_id`),
  UNIQUE KEY `photo_id` (`photo_id`),
  CONSTRAINT `fk_profiles_media` FOREIGN KEY (`photo_id`) REFERENCES `media` (`id`),
  CONSTRAINT `fk_profiles_users` FOREIGN KEY (`user_id`) REFERENCES `users` (`id`)
) ENGINE=InnoDB DEFAULT CHARSET=utf8mb4 COLLATE=utf8mb4_0900_ai_ci;
/*!40101 SET character_set_client = @saved_cs_client */;

--
-- Dumping data for table `profiles`
--

LOCK TABLES `profiles` WRITE;
/*!40000 ALTER TABLE `profiles` DISABLE KEYS */;
INSERT INTO `profiles` VALUES (1,'f','2003-12-23',130,'Sint et error perferendis. Rer','Janelleville','Eritrea'),(2,'m','2017-11-30',191,'Aut debitis inventore dignissi','Port Nettie','Latvia'),(4,'f','2002-12-27',157,'Voluptate cumque voluptatibus ','Cronaberg','Brunei Darussalam'),(5,'f','1998-07-29',124,'Sunt et expedita est culpa dol','North Valliehaven','Turks and Caicos Islands'),(6,'f','1989-06-22',64,'Ullam quibusdam aut deleniti d','East Jarrellton','Comoros'),(7,'f','1996-05-17',134,'Omnis iste molestiae alias rep','Port Rachelle','Georgia'),(8,'x','1989-06-22',12,'Magnam aut porro delectus non ','Port Americoside','Turks and Caicos Islands'),(9,'x','2005-07-04',52,'Iure et dignissimos sequi quo.','West Bettyburgh','Samoa'),(13,'m','1998-05-20',172,'Et recusandae maxime consequun','West Jose','Kazakhstan'),(15,'m','2018-09-03',5,'Earum qui accusantium recusand','East Emoryview','Gambia'),(18,'x','1980-12-13',120,'Eum ducimus distinctio provide','West Lorenafurt','Germany'),(19,'f','1996-08-14',28,'Expedita quis qui veniam verit','North Rebekahtown','Iran'),(21,'x','1986-07-16',35,'Quod sed nihil est assumenda q','Audramouth','Bolivia'),(22,'m','1996-05-26',15,'Labore voluptatem ab architect','East Willymouth','Turks and Caicos Islands'),(23,'x','2010-05-01',72,'Soluta occaecati delectus cupi','Drakeport','Belize'),(24,'f','1993-10-27',85,'Veritatis aliquid quo ea offic','New Ericka','Papua New Guinea'),(28,'x','2003-02-15',131,'Alias fuga maxime et temporibu','Cindyfurt','Netherlands'),(29,'m','2017-03-19',19,'Quis et rerum voluptas consect','Johnnieberg','Bosnia and Herzegovina'),(31,'f','2011-03-17',138,'Nam fuga molestiae adipisci li','East Deannahaven','Philippines'),(32,'x','1981-10-20',171,'Tempora nemo nisi odit explica','New Arvillastad','Namibia'),(33,'m','2010-10-24',75,'Id quas qui aut. Temporibus et','New Marilyneview','Guinea'),(34,'f','2011-03-17',21,'Dolor veniam sit accusantium o','Vincentside','Bolivia'),(39,'f','1974-03-19',80,'Perspiciatis esse dolor blandi','Deangelofurt','Bolivia'),(42,'f','1971-08-02',143,'Qui ducimus fugit aut minima e','Lake Edisonhaven','Guernsey'),(44,'f','1978-06-02',62,'Sit nihil dolorem error hic. M','New Sonyaside','Faroe Islands'),(45,'f','1991-09-17',187,'Ut reprehenderit fugit consequ','New Shad','Chad'),(46,'f','1974-01-01',37,'Sit et et quia temporibus veri','North Damianborough','Honduras'),(47,'x','1984-02-26',48,'Sit iure cumque possimus. Est ','East Flavie','Djibouti'),(49,'m','1998-05-29',197,'Saepe veritatis eos laudantium','West Genoveva','Namibia'),(52,'f','1981-08-14',177,'Et qui molestiae modi optio se','Sibylfurt','Poland'),(56,'f','1989-12-21',92,'Velit ut dolore voluptas eos. ','East Syble','Yemen'),(58,'f','1995-12-19',98,'Iste ratione voluptates quos e','Hopeside','Ecuador'),(59,'f','1971-03-21',70,'Doloremque atque veritatis sun','West Belle','Belize'),(60,'m','1970-05-12',188,'Reprehenderit neque assumenda ','East Gisselle','Ecuador'),(63,'x','2019-07-08',153,'Rerum voluptas natus vel. In q','Sanfordmouth','Lao People\'s Democratic Republic'),(65,'x','2014-12-07',1,'Ab excepturi et expedita et qu','South Earline','Lao People\'s Democratic Republic'),(66,'m','1982-03-23',114,'Qui culpa aut quod quis. Ipsum','West Garretberg','Barbados'),(67,'m','2009-08-12',147,'Et sunt eius dignissimos illo.','Denesikport','Isle of Man'),(69,'f','1977-11-13',40,'Quia ducimus architecto asperi','Hassieland','Lesotho'),(72,'m','1979-05-02',104,'Aut reprehenderit vel id porro','North Janelle','Saint Martin'),(75,'f','1982-04-28',55,'Ad doloremque iste sed aut qui','South Brandy','Bouvet Island (Bouvetoya)'),(76,'x','1970-08-22',30,'Perferendis et molestias vel q','Beattystad','Saint Helena'),(77,'f','1981-06-17',53,'Fugiat autem qui id assumenda ','Marvinhaven','Guam'),(78,'f','2021-06-02',88,'Id totam consequatur iure vel ','Sylviamouth','Wallis and Futuna'),(79,'m','2018-03-05',78,'Provident excepturi in nemo do','South Cierra','Saint Vincent and the Grenadines'),(80,'x','2007-07-07',178,'Fugit ullam vel voluptas conse','West Hiltonfurt','Gibraltar'),(81,'m','2010-06-04',106,'Nihil voluptas suscipit sit to','North Alexanne','Hong Kong'),(86,'m','1992-04-02',59,'Et et aut quaerat corporis dol','East Jayshire','Haiti'),(88,'m','1988-01-11',101,'Natus ut est tempora dolorem c','East Ardellabury','Papua New Guinea'),(90,'f','1978-09-03',165,'Quas repellat et quis soluta. ','North Brayanburgh','French Guiana'),(94,'f','1980-04-20',175,'Quisquam blanditiis ad esse su','Baileyborough','Eritrea'),(95,'f','1988-05-25',133,'Eum quia aut maxime temporibus','South Cierraville','Uruguay'),(96,'m','1987-10-13',152,'Autem delectus et est omnis no','Jaydaberg','Tokelau'),(98,'m','1985-02-13',159,'Voluptatem voluptas neque sequ','Deronburgh','Hong Kong'),(99,'f','1995-04-17',76,'Fugit nemo in quia dolores ita','Lake Matildeberg','Iceland'),(102,'x','1998-11-30',144,'Rerum vel sed nulla atque hic ','Reeceburgh','Norfolk Island'),(105,'f','2021-04-11',169,'Quas earum velit tenetur sint ','Lake Rickietown','Venezuela'),(110,'x','2003-09-29',95,'Veritatis cumque est velit ut ','Abbottborough','Cayman Islands'),(112,'f','1994-03-22',9,'Libero suscipit rerum exceptur','Naderport','Gambia'),(113,'f','1995-04-14',190,'Quis odit illum ut dolor quibu','Hageneshaven','Hungary'),(116,'x','2005-02-25',87,'Quibusdam qui vel et et eos ea','Zulaufhaven','Israel'),(119,'f','1995-09-09',65,'Dolorem nemo molestiae perspic','Timmothyton','Faroe Islands'),(122,'m','1974-09-28',118,'Natus est quo sequi soluta qui','Jaylenview','Zambia'),(123,'x','2003-11-24',57,'Ratione est recusandae quaerat','Wisokymouth','Lao People\'s Democratic Republic'),(124,'x','1987-06-30',14,'Voluptatem eveniet fugiat quis','West Barneyshire','Iran'),(126,'f','2020-08-31',122,'Optio aspernatur earum labore ','Hartmannport','Mongolia'),(128,'x','1981-01-10',24,'Doloribus sint ducimus aut dig','Laylaview','Cyprus'),(132,'m','2019-04-14',54,'Illo iste ipsam non non et eaq','New Raymond','Sweden'),(133,'m','1997-05-29',99,'Illo possimus et blanditiis vo','Creminstad','Denmark'),(138,'f','1999-05-21',67,'Quod sit sed eum repudiandae a','Velmaland','United States Minor Outlying Islands'),(139,'x','2017-03-30',81,'Aliquam et odio totam mollitia','North Antonemouth','Bosnia and Herzegovina'),(140,'m','2016-12-23',22,'Possimus alias aut aperiam har','New Skyla','Kiribati'),(141,'m','1999-06-14',50,'Fugiat tenetur sint et recusan','Toneyport','Mozambique'),(142,'m','1993-01-21',151,'Autem aspernatur dolor nulla e','Martyhaven','United States of America'),(146,'m','2019-01-08',47,'Nulla inventore eos et animi e','New Claudie','Cook Islands'),(148,'x','2015-02-23',10,'Sit sint mollitia earum enim o','Lake Alysaton','Samoa'),(149,'f','1977-01-18',11,'Ut sapiente fuga quibusdam dol','New Darrin','Korea'),(150,'f','1983-08-30',126,'Consequatur voluptas commodi i','North Marshall','Iceland');
/*!40000 ALTER TABLE `profiles` ENABLE KEYS */;
UNLOCK TABLES;

--
-- Table structure for table `users`
--

DROP TABLE IF EXISTS `users`;
/*!40101 SET @saved_cs_client     = @@character_set_client */;
/*!50503 SET character_set_client = utf8mb4 */;
CREATE TABLE `users` (
  `id` bigint unsigned NOT NULL AUTO_INCREMENT,
  `first_name` varchar(145) NOT NULL,
  `last_name` varchar(145) NOT NULL,
  `email` varchar(145) NOT NULL,
  `phone` char(11) NOT NULL,
  `password_hash` char(65) DEFAULT NULL,
  `created_at` datetime NOT NULL DEFAULT CURRENT_TIMESTAMP,
  PRIMARY KEY (`id`),
  UNIQUE KEY `email_idx` (`email`),
  UNIQUE KEY `phone_idx` (`phone`)
) ENGINE=InnoDB AUTO_INCREMENT=151 DEFAULT CHARSET=utf8mb4 COLLATE=utf8mb4_0900_ai_ci;
/*!40101 SET character_set_client = @saved_cs_client */;

--
-- Dumping data for table `users`
--

LOCK TABLES `users` WRITE;
/*!40000 ALTER TABLE `users` DISABLE KEYS */;
INSERT INTO `users` VALUES (1,'Owen','Upton','erin.ryan@example.com','8358687043','41d15407bfeb222817bac2aa9604b1f47453c5ad','1988-08-11 20:42:26'),(2,'Aletha','Wehner','okuneva.diamond@example.org','8297070320','7b332819e0516cf3359f97975b9ca818686270af','2012-02-27 19:33:30'),(3,'Garrison','Rohan','heathcote.merle@example.org','8688821287','3709123d0532c825205a8c2ec3c6f3975c88090e','1972-04-08 20:48:49'),(4,'Velva','Dare','will.thea@example.net','8621085839','2afc750078f41fe19d0bf65600ff3ed6f61ae0fb','1980-03-08 20:27:08'),(5,'Blanche','Ruecker','austen.rice@example.net','8075702096','dd71271fbbeb487b94ccddb156d7c00248f9ac52','2007-05-09 23:01:16'),(6,'Maximillian','Bahringer','karl.rempel@example.org','8809498258','2738678de397ccd111fa226bcc1e63a308e2aa5e','1970-07-04 02:38:49'),(7,'Chelsie','Kunze','bartoletti.kaylin@example.com','8761709606','b758e3699bbcb978cc1cceaac8d56ef3c45b0b18','1989-02-10 23:08:26'),(8,'Dawn','Von','rodrigo01@example.net','8565029574','9aa2a9a0d4e3a82760c8705abf4be83254ac3719','1971-09-17 10:47:37'),(9,'Jeffrey','Ebert','gorczany.nya@example.org','8698880404','eeae7b823e4a1e5f98b42100785885ef38943c7f','2014-11-20 14:35:20'),(10,'Joshuah','Batz','marilyne.zemlak@example.net','8046642752','f8ee0c90af86ef8ea9e7f97dab4164bc149890eb','2004-09-22 04:14:05'),(11,'Cierra','Williamson','ahessel@example.org','8266829305','5eefcfa873a55305967632317a2a2232c7b2cfa4','2006-07-27 14:46:14'),(12,'Eli','Lockman','kathlyn45@example.com','8398932695','8e97fffb78b3c4a6aa4b6db48460a68775a13fc6','1993-10-04 00:10:01'),(13,'Rosanna','Huel','cesar.klein@example.net','8703080568','c8d44534708af1f67d7b9aab46e045e76578ccda','1981-11-24 17:05:38'),(14,'Lisa','Durgan','marta.towne@example.net','8323876621','d3b56434b57fb67734f582b143ff76972c9efada','1986-12-05 06:04:29'),(15,'Rashawn','Altenwerth','cruickshank.alford@example.com','8050780670','4792a26ea61235c44b4b1e219d6e3f1bd6b5249f','2007-07-14 00:27:36'),(16,'Dorthy','Tillman','angelita.stroman@example.com','8632364295','af9c9cf35802d6bb25cce7c98be79a48fecdab07','2019-05-22 21:10:58'),(17,'Elouise','Grady','milan.muller@example.net','8632075750','8ebf50fb15593d4dd1e194acb9d2cc4a4d6270e9','2012-09-28 01:29:41'),(18,'Mac','Block','rey.gutmann@example.org','8999748712','0f6401c02829292c8d6f5535ab455353282cf346','1974-02-15 16:06:00'),(19,'Mossie','Hudson','jacques77@example.org','8723339048','c35ad2a3900d4022c2da951c5cc87e5a9d2383e6','2006-07-24 20:58:49'),(20,'Mireille','Hartmann','dwight60@example.com','8450452716','dc050f9dba885bff37c3ceb6ae0e9520eb9b7004','1982-02-09 11:06:02'),(21,'Webster','Romaguera','betsy45@example.org','8212563073','4c6201349360417c2765a2b0367723d4c2415bcd','2006-04-02 17:44:04'),(22,'Armani','Mann','anne89@example.net','8393372626','16bf64d457db0facdde4456381b9afa2d2512ae5','2018-07-08 07:49:09'),(23,'Lonzo','Denesik','esmeralda.dach@example.com','8794636546','19e8765b0d14b6f93911bae75658d0e29240d5c5','2005-01-14 11:37:13'),(24,'Keanu','Nienow','isabell81@example.net','8763529049','5bd58b70da3c7af341b92526b3e8262b5ae53fd0','1977-02-03 12:23:01'),(25,'Frankie','Pfeffer','bahringer.barney@example.com','8830581349','7fda4d738d78d4bfa8eb2cd20f41dcf342badf64','2007-10-08 06:22:33'),(26,'Lisa','Romaguera','anne.effertz@example.org','8165721116','14e08022f8e5a988c57d6c8d2df947a3af6602ee','1983-05-12 16:24:59'),(27,'Marlene','McGlynn','mike.bradtke@example.org','8218834565','9a2693a9f4764f3143d513c7d8e36097fe4e7433','2012-11-30 01:27:38'),(28,'Lea','Grant','edna86@example.org','8656096112','1aef8570489a1b351f5af3ddd4aa408dd75ec3b7','1989-04-05 11:13:02'),(29,'Freddie','Breitenberg','ullrich.aurelie@example.com','8692125158','5e040e494eb78657c150c67eeb1d25dc5a52aeb3','1980-06-03 14:58:11'),(30,'Narciso','Will','angela88@example.com','8669334227','cd65036c214ffc3bad8ccb15d7ff4554146cd17d','1970-07-28 16:31:14'),(31,'Wava','Bailey','isobel20@example.com','8999286491','652640430b555dd2d8ac73d3491803fb42680570','1972-02-03 20:02:22'),(32,'Edward','Homenick','gutkowski.adalberto@example.org','8941507863','6d26645cdb182bff3decbd3969826f9fe272187c','2006-08-12 16:20:14'),(33,'Boyd','Jaskolski','dfranecki@example.com','8447517121','61400391e06a048a555456b6f99dbff073397a9f','1975-05-04 03:55:45'),(34,'Hertha','Hyatt','brown.rice@example.com','8254797305','d27a7dfe543e6d43306fdd9d1cfaa9ae327c277e','2009-09-07 14:58:20'),(35,'Kelsie','Grady','kimberly.predovic@example.net','8441080700','4504f25a5d61984e417c061cadd86c7c103ed0b1','1977-07-30 16:20:16'),(36,'Eliezer','Hills','connor39@example.net','8650859309','261eeb984b07f1195740fe70c5a00a15e8580959','1993-01-10 10:55:47'),(37,'Kory','Armstrong','columbus18@example.net','8619549343','0d7cd0dcb1f681ac18ee3ab8149a4d873575bd43','2010-04-14 23:56:02'),(38,'Alfredo','Walter','selena39@example.com','8398226698','73d7d487814a1226cdba5bc72f3b599a4770d347','1974-09-22 20:15:11'),(39,'Chelsie','Kunde','fanny.feest@example.net','8886080173','875688c14e55720823c767adee3c96caeacecc62','1981-02-16 09:31:01'),(40,'Kareem','Stark','ollie78@example.net','8762839781','e5472e43fb3ea728106fd4c7a51b7b82b867e994','1974-03-23 00:43:32'),(41,'Melyna','Gusikowski','santos35@example.org','8332689286','31d4e0664e415551ee3e867072fb330d2937fb8c','2003-06-05 03:05:15'),(42,'Meghan','Kohler','steve.west@example.net','8460953468','bbeffc24f12b450e00b0887c84fe519a25e9d00d','1971-10-27 01:25:42'),(43,'Elyse','Sauer','barney.fahey@example.com','8391009064','d5bdcb2e5fe87f1e2e8333f2fae8fb04a3e64115','2019-06-16 08:35:04'),(44,'Narciso','King','nolan.cassidy@example.net','8570508720','d93625c07545984fd045e0caf8ca7ef55867a3a0','1974-10-15 20:12:30'),(45,'Orlo','Cole','dedric77@example.com','8960839585','37d5ff050080b1130c6c3eda1bfba77859386127','2017-09-05 11:15:12'),(46,'Raphael','Graham','mariano40@example.com','8860441513','ff60ca3778d6e69012b8ae097aeb0a67c01e8487','2007-05-08 22:38:19'),(47,'Evert','Lesch','gilbert.baumbach@example.com','8283205190','28f75d79d6fc07dfab506542da76a2aa2db6d177','2019-02-07 13:21:37'),(48,'Eileen','Wilkinson','cassandra64@example.org','8868220067','268fb824a392bc4c01348b5bc9669f19616c3596','2008-10-10 06:14:42'),(49,'Anissa','Willms','ricardo43@example.com','8690132877','c8b32c7d9e8c5a61d72785cabce5b4e36d6f5c0d','1989-01-02 12:28:49'),(50,'Noel','Koelpin','christelle82@example.net','8071987072','8a14e4f476f0c748f78e098a55612b738ae596ac','1997-11-26 15:16:29'),(51,'Makenzie','Turner','schaefer.earnestine@example.net','8900736837','8df16f1d43590d971dcae64d52fd11d1b92a07e4','2004-10-22 23:27:49'),(52,'Courtney','Davis','gisselle.toy@example.com','8703124564','de9bff91e807e000c337b8efeb2fbdb7d5127111','1996-06-27 08:16:53'),(53,'Catalina','Flatley','pacocha.joannie@example.net','8000694090','fc0dedb69fc01f76440ec720251fb1db3db02983','1999-01-11 12:32:14'),(54,'Pasquale','Grant','eryn.mcclure@example.net','8439618358','0bf3c9e6929ac1ebab519dd07386ff2f33d6fb8c','1972-02-23 17:35:34'),(55,'Jensen','Ward','tfriesen@example.com','8626039107','428547a24b02f80f075914d456d6f93907d119ae','2010-12-07 09:34:06'),(56,'Elmore','Herzog','nash.reichert@example.net','8855580942','47b77e089e26f6984e65f126e3780c1062af16ac','1972-06-22 07:24:04'),(57,'Justyn','Hermann','savanah.bayer@example.org','8936424629','ef723a1c9d6f6b2d55a6184ad91c1008b98e3fbd','1991-06-14 08:02:33'),(58,'Bernita','Stoltenberg','selina89@example.net','8066866540','548efd7fa2f106c669de52c55b608b343b21fcbc','1970-01-07 21:06:52'),(59,'Jerrod','Gerlach','aschamberger@example.org','8830149100','5e8c851d4f1e0a5fd53898037af5d954affe2489','2012-03-06 22:56:07'),(60,'Shany','Koepp','aabshire@example.com','8312350386','7e2cb8a95e0dc34eb7cba2f0a9cf8009c8e407aa','1983-02-18 08:07:57'),(61,'Scot','Bechtelar','jayce.dare@example.org','8204913661','0966cf4ec7b6282590add6ed4e48ef78d703a779','2011-05-21 15:06:52'),(62,'Christelle','Maggio','hermann.jammie@example.net','8166918004','88d2e9e8393003f7115d6b9db1b5188d5b46e08b','1986-06-21 16:51:23'),(63,'Krystal','Walter','mitchel44@example.org','8914971872','2b926f38e43e2c1f5f6c475862271cf50a18e489','2008-07-01 02:50:25'),(64,'Norene','McKenzie','michael20@example.net','8717536234','35f18cf6759ac755bd44bd57d33dc6913d36b10c','2004-06-29 01:49:33'),(65,'Gisselle','Fahey','blittel@example.org','8875853395','b45dacffb7c1fda779ae0339246fd6889967c473','2016-10-10 06:40:04'),(66,'Antwan','Schowalter','greenholt.justina@example.org','8985254240','d504098dde20966e5ceba8c04fe9bbfbf5102d39','2010-03-09 07:11:58'),(67,'Shayna','Monahan','hayes.edna@example.net','8494651810','c41fd348b25ebe547f0899e90cd9d16dda4636b3','1997-02-27 02:49:31'),(68,'Jedidiah','Cole','strosin.nola@example.org','8479433955','589586e87c52ef6e2ca6d1a96c707342b00c610f','1970-08-21 19:45:58'),(69,'Filomena','Terry','vpurdy@example.org','8766111092','91aced9d566ae3fd8134e7c0f1e406908c3c77c4','1988-08-06 06:40:39'),(70,'Retha','Robel','uskiles@example.net','8360323266','904eed18efd7e66137e81ef300038cbf2087687d','1994-01-15 07:24:19'),(71,'Emmanuelle','Blick','uzieme@example.org','8090775096','f0280103dd16482849d624ed6bad3ae3dff306d7','2005-06-30 05:23:58'),(72,'Modesto','Nitzsche','qcollier@example.com','8049689739','2fdd2f640d295bc77fa380d7d497796c19e26936','2021-01-12 19:56:48'),(73,'Cristopher','Lehner','alejandrin05@example.com','8085175755','3f12c61fa8c749beb69135a9764fe7e0a3451427','2004-07-18 11:35:59'),(74,'Lonie','Buckridge','ghauck@example.com','8131245562','0e51ba488f14bf321d289378e00678f2432d1e90','2003-12-30 16:29:27'),(75,'Cullen','Welch','genesis63@example.com','8988383647','a1cc99b3ec173f9544032fe0134af861ad9082bb','2003-06-09 20:34:23'),(76,'Joany','Prosacco','sid11@example.org','8429688692','5021ffddfcada7f837551b3e471708a66861594f','2013-08-24 14:26:04'),(77,'Howard','Kihn','jayson.johns@example.org','8782108192','7c9281015f4e9e9c4ed46872ff5f2e6c4958777f','1988-09-19 01:44:48'),(78,'Sonya','Parker','tyrell.lebsack@example.org','8632550070','f10bff5e2c899061c47efdccb9d2a8a8a60343aa','1997-05-15 07:53:38'),(79,'Nedra','Mitchell','bruce64@example.net','8011137356','7188fc211bfe3fec15533b518aaeee1485ef84b1','2010-10-17 23:46:44'),(80,'Kylee','Bartoletti','keebler.prudence@example.net','8888308766','d26e82e7611030aecb2477d6f3be049ae34c922c','2017-02-21 03:42:02'),(81,'Bridget','Gottlieb','erna88@example.com','8446335698','701b6617ff132794d6aea9481396090271efc212','1990-07-27 22:15:42'),(82,'Janelle','Wiegand','alyce18@example.org','8278859826','c1e9e0ee8e57bf88c28458445bf3d28dba7705b0','1993-01-08 23:16:50'),(83,'Nina','Schulist','katelyn35@example.com','8421117143','bff46a666e291983e917d5e0fc9fb8e46ac2ebd3','2021-02-09 00:14:21'),(84,'Karson','Steuber','qsatterfield@example.com','8558366127','83a1cbaba1332b180de4528aaa19c2355acdeb6b','1978-07-08 00:27:17'),(85,'Freeda','Feil','idell.fadel@example.org','8566775305','d774e64aa19005d892a83a0fe268f592fd3f723b','2002-06-22 04:54:19'),(86,'Alex','Gottlieb','mo\'keefe@example.org','8989952420','bcbb400a7aa95c048f2fed067a67a939f364ef4b','1989-12-16 02:17:00'),(87,'Nyasia','Zieme','aweber@example.org','8539795317','af5fff812395a4eb57ae33e1a375768df90acde6','2019-01-23 05:40:43'),(88,'Theresia','Funk','yjerde@example.org','8052845846','c42e32d909c8ff0792b9ca04a432e1261817d4db','1979-01-09 01:23:29'),(89,'Kayley','Daniel','sroberts@example.net','8234943019','d1dcd3dc0d00cfc7653028d9b3ccc432cbc42179','2015-09-08 15:35:01'),(90,'Bart','Kunde','harry58@example.com','8663020969','690124df4e5909c7d7772e7dd74200a91e19a604','2001-08-07 09:12:50'),(91,'Hope','Hoppe','johann84@example.net','8220515560','28533fb92d133432bdbe6e4d3d1982792c254434','2012-03-02 02:11:29'),(92,'Jeffery','Green','ettie.kihn@example.net','8153226307','3faf24f51e610ac25b53f64c448e7da764d83179','1982-09-20 23:49:41'),(93,'Rodolfo','Bayer','antonia.aufderhar@example.net','8414771222','4071ea3bc6fa1acd88a2ccaf1c52f091b503b33d','1994-01-03 07:28:59'),(94,'Martin','Bailey','cjakubowski@example.org','8842028070','b3db1e9137b105b76a4c0c3e0eca71e596d9990c','2005-02-23 09:09:06'),(95,'Aglae','Muller','ekuhic@example.com','8742348764','3221927defb81ff1e7934e070a42248b178f6063','1999-03-17 21:03:56'),(96,'Monroe','Kuhic','retha83@example.com','8643254516','98aa4d536c9ea799f8a8597642ee4c88bfe42d8c','1975-09-27 02:00:10'),(97,'Camron','Donnelly','hfay@example.org','8749407044','ddd3d73252a5c994d1ab68f329bd8486b8746f32','1971-05-25 02:56:49'),(98,'Rupert','Ruecker','sibyl.cole@example.com','8420011360','511c7edfe0d25821e2e693fc2de4c33791cac732','1973-05-24 03:09:21'),(99,'Derrick','Halvorson','madge.von@example.net','8122938725','c85f92f4f81f0bf87c630c08e8b402a36f4bbcbc','1971-02-15 09:41:31'),(100,'Leora','Lockman','yost.cody@example.net','8052508595','b71581baf01de11b43ec73928f5f599f72e4ae2d','1970-03-24 04:08:20'),(101,'Marcelina','Fisher','iva61@example.org','8039628432','af65fb5a3cef67773f1652caa625fe42b8b1315f','1980-04-08 18:14:32'),(102,'Jovan','Bayer','edgardo.lynch@example.net','8523345237','f5ba2965549de53bd078e9924b8193f5dcc2b25c','1973-09-11 19:17:26'),(103,'Alfonso','Rau','cora14@example.com','8550079860','33eaba66eedb623423d046e576724ccdb19f4fb0','1973-01-22 22:17:10'),(104,'Louvenia','Beatty','rjenkins@example.net','8715709672','b860712d07782d5de3c30e977b1cb99c4fa6151b','1985-04-11 18:27:41'),(105,'Margret','Wuckert','xbrakus@example.org','8508886879','bd88b9a2aa547a6c3e45c26bea0e18fa685eb64f','1972-05-29 15:14:42'),(106,'Pedro','Koch','hilario72@example.net','8838981198','2ef5b7113bd7c29f71ac4c903b4b86f1f3d93f49','1989-11-08 01:31:32'),(107,'Ofelia','Beer','fahey.adelle@example.com','8070062546','603c0155f2fdec616e8d8a5c52e21ed791db9daa','2001-04-17 17:24:40'),(108,'Mittie','Zemlak','bartoletti.florida@example.net','8713258304','2e4463e354c04e3665f048253fa838ebfef70487','1981-10-17 04:40:37'),(109,'Maryam','Hansen','norwood.kshlerin@example.net','8449442742','6e63359f662f83d745732823c45c4811d3e3b46f','2011-09-11 16:13:59'),(110,'Marjolaine','Leannon','ebert.brianne@example.net','8882403795','32103a2e1c4654b5d12a12fc858f875080d9fad8','2010-09-29 08:06:54'),(111,'Doyle','Hessel','maximo95@example.net','8893132720','029904e56bcc735ffcc1e1dd0bc471ed7d3d17d8','2019-01-29 09:19:36'),(112,'Hannah','Koepp','ned.miller@example.org','8923413593','ede8a9a71200e6d464df6386826f42b2be68a541','2016-09-19 11:00:08'),(113,'Citlalli','Harber','abshire.jacky@example.com','8957749618','26dabbe5e663968a435f413cdc8cd7d6dd5285d0','2011-02-03 01:06:25'),(114,'Rickey','Hermann','aletha92@example.net','8333687190','f957dc816f401e10c2276750441c1ea8e047e11d','1996-07-15 06:30:25'),(115,'Leatha','Greenholt','terrill.koch@example.com','8383172083','53e9b322b987e17db451408cf4618b7eb6897ed0','2015-01-17 12:43:32'),(116,'Vince','Kuhn','mueller.queen@example.net','8794984264','8fd8388d62828b85e97e12f2fb175ff50ae5bc9e','1983-11-19 12:19:41'),(117,'Amos','Schmitt','zwindler@example.org','8098969182','b309800a2f3df764c2d9e88ecf9e94ae7c223d55','2018-11-08 01:08:43'),(118,'Christelle','Monahan','bradford22@example.com','8851374117','45f07c2a67395c0d505586dcf3570a92b74fc03b','1994-01-27 10:09:26'),(119,'Tianna','Cremin','satterfield.darion@example.com','8830219910','b9d8b29f856c10f056016d4bd837083df02c054a','2015-01-14 06:57:45'),(120,'Evangeline','Kulas','therese54@example.net','8447281705','59c932cec56f51f5b85c809c7126a1c70e585311','1994-01-07 14:05:13'),(121,'Emiliano','Stamm','aniya.o\'keefe@example.com','8974621725','d816b939898a47cb2f296e783484435867e905b1','1992-01-09 16:46:13'),(122,'Sabryna','Kuphal','stiedemann.darlene@example.net','8631787016','aa344fa99799f48be2bdc9e7103c4011507152e0','2001-08-12 23:59:55'),(123,'Jedidiah','Quigley','cathrine.berge@example.org','8180064803','d2473adc29dd7d16831b61efe7dd768397b8dc2b','2004-11-10 05:16:18'),(124,'Keira','Stamm','armstrong.elyssa@example.org','8284864305','d56c6d7fc86d7f2fd9448e6b1736a6cdffb39783','1998-12-14 01:57:35'),(125,'Willy','Lynch','willow00@example.net','8238502617','a9a82e80ed3bf8321c6881ef39f386f6f169242f','1998-05-25 03:36:48'),(126,'Aisha','Hettinger','justen.nienow@example.org','8027113390','d8eafd8e8bfebd5b4e67a499a8572de738d01530','1997-02-11 14:42:48'),(127,'Alisha','Purdy','vinnie.schiller@example.net','8254296916','35f4b1a96016b967ccfd692a03d0d0d0b7e9825b','1989-09-07 08:11:42'),(128,'Keara','Hyatt','kurtis60@example.org','8093500259','6633c7975832de9331db7cb772a370099bfbdd62','2013-12-03 22:58:18'),(129,'Jaron','Roberts','fannie46@example.net','8383191169','471eab2e5d09c411bf04f6a3ba0defbe80cb4d24','2012-01-31 07:56:39'),(130,'Vaughn','Larson','maribel22@example.org','8021366528','da0f4a882fb27f557a69f3adf7d3a87610125842','1984-07-11 23:27:09'),(131,'Damian','Green','sosinski@example.org','8912937636','c9575f99d7f99e8308ed5df2ed41cd2f68818d2b','2001-06-02 15:58:49'),(132,'Ida','Roberts','greyson.bayer@example.net','8314075005','043c07fc4bfec0b79ba810331095fc41ff4feb30','1975-05-22 04:49:46'),(133,'Asia','Marvin','cristina50@example.net','8775383636','5dab3747905d2c6519f7f61c624b27ec6db041be','2010-03-12 17:17:07'),(134,'Elliott','Dare','hirthe.flo@example.com','8798193708','372604f7bfae9d4f605a3354ef27e81290cf20c7','1996-08-07 18:35:56'),(135,'Ida','Conn','cole.russel@example.org','8932142595','f656b9acfcfd3ee379bf65e79656766840d4c108','1973-12-30 11:12:32'),(136,'Adele','Ward','harmony02@example.org','8359662133','00f1120b45dc0952a12e1a551be21d349849eda4','2014-05-30 20:42:11'),(137,'Arch','White','corkery.marcia@example.net','8052420626','f3ebea40c6c0f38565f3694db1de8695ec160099','2014-02-28 04:02:45'),(138,'Timothy','Quigley','ylarkin@example.com','8932396148','86b578b6cfb25f34b6878cddc26634990f9c0811','1971-05-06 16:23:08'),(139,'Dolores','Hand','mclaughlin.kristian@example.com','8596318437','f1aff996afcd2110be1b06a95b336035aa1a679a','2004-05-09 02:51:52'),(140,'Grayce','Nicolas','kendra.veum@example.com','8270680645','da01be83f7ba8e666dcdb8f9c378bca99aae56c4','1972-06-20 02:56:58'),(141,'Marcelina','Streich','gunnar79@example.com','8720412161','accae6557b2b1558d77ecc126a4e46ccfb8786ce','1980-08-07 01:57:45'),(142,'Erika','Will','weissnat.kitty@example.com','8242720577','020ab9ab6e4429235778e68e2cab2b26872e273e','1970-06-06 09:58:29'),(143,'Rene','Simonis','hartmann.delta@example.com','8521891083','e7b6bad3340e717b57246135a535d2cc426ea6ef','1991-08-11 10:41:34'),(144,'Cleveland','Ondricka','emile.mayer@example.net','8774220223','25c9f2959a7de5eda74ed9c75ac9e9cd131ff7e7','1992-06-02 02:24:24'),(145,'Zack','Reichert','dalton.schoen@example.org','8654280092','bdc83a04c72760b6e0dc809ba14e3284ee014997','2018-10-21 12:54:40'),(146,'Emilia','Will','maria.price@example.com','8157431764','d8f118763e709d752bc6a00fe1bba39500aa5612','2004-08-09 06:29:29'),(147,'Jannie','Murray','hyatt.yesenia@example.net','8334584918','bd4a3ae20624ba13c1d3392124b4da79e35307db','1986-01-11 18:30:04'),(148,'Lewis','Kertzmann','mbosco@example.org','8800364309','83725a7d5a381ba9b91fd375bb8a7290bf7a38f2','2005-08-06 00:43:46'),(149,'Karolann','Kuphal','ashleigh.willms@example.org','8550369967','980ed56cd29aa009354d95e1e7986bc920ea875f','2008-08-10 20:21:11'),(150,'Sonya','Towne','ruecker.caleb@example.org','8054302469','c46d9fff120f938d4e2005823eb69b82818df571','1981-10-26 12:53:52');
/*!40000 ALTER TABLE `users` ENABLE KEYS */;
UNLOCK TABLES;
/*!40103 SET TIME_ZONE=@OLD_TIME_ZONE */;

/*!40101 SET SQL_MODE=@OLD_SQL_MODE */;
/*!40014 SET FOREIGN_KEY_CHECKS=@OLD_FOREIGN_KEY_CHECKS */;
/*!40014 SET UNIQUE_CHECKS=@OLD_UNIQUE_CHECKS */;
/*!40101 SET CHARACTER_SET_CLIENT=@OLD_CHARACTER_SET_CLIENT */;
/*!40101 SET CHARACTER_SET_RESULTS=@OLD_CHARACTER_SET_RESULTS */;
/*!40101 SET COLLATION_CONNECTION=@OLD_COLLATION_CONNECTION */;
/*!40111 SET SQL_NOTES=@OLD_SQL_NOTES */;

-- Dump completed on 2021-07-16  0:10:42
